facility_id,facility_name,current_facility_name,facility_opcert,faclity_medicare_number,city,county,region,location
30,Albany County Nursing Home,Shaker Place Rehabilitation and Nursing Center,153302,335425,Albany,Albany,CDRO,"(42.7473, -73.8172)"
38,Cuba Memorial Hospital Inc SNF,Cuba Memorial Hospital Inc SNF,226000,335364,Cuba,Allegany,WRO,"(42.2135, -78.2875)"
59,Ideal Senior Living Center,Ideal Senior Living Center,302302,335520,Endicott,Broome,CNYRO,"(42.0918, -76.0677)"
64,Willow Point Nursing Home,Willow Point Rehabilitation and Nursing Center,364301,335291,Vestal,Broome,CNYRO,"(42.1009, -75.9858)"
91,Auburn Nursing Home,Auburn Rehabilitation & Nursing Center,501309,335004,Auburn,Cayuga,CNYRO,"(42.9136, -76.5792)"
96,Northwoods Rehabilitation and Nursing Center at Moravia,Northwoods Rehabilitation and Nursing Center at Moravia,526304,335077,Moravia,Cayuga,CNYRO,"(42.7149, -76.4228)"
106,Heritage Park Health Care Center,Heritage Park Rehab & Skilled Nursing,602310,335142,Jamestown,Chautauqua,WRO,"(42.0903, -79.2383)"
107,Lutheran Retirement Home,Lutheran Retirement Home,602308,335268,Jamestown,Chautauqua,WRO,"(42.1142, -79.2098)"
112,"Heritage Village Rehab and Skilled Nursing, Inc.","Heritage Village Rehab and Skilled Nursing, Inc.",662301,335353,Gerry,Chautauqua,WRO,"(42.1962, -79.2519)"
123,Chemung County Health Center-Nursing Facility,Chemung County Health Center-Nursing Facility,701301,335480,Elmira,Chemung,WRO,"(42.0934, -76.7966)"
124,Elcor Nursing and Rehabilitation Center,Elcor Nursing and Rehabilitation Center,722304,335053,Horseheads,Chemung,WRO,"(42.1621, -76.8542)"
136,Champlain Valley Physicians Hospital Medical Center SNF,Champlain Valley Physicians Hospital Medical Center SNF,901001,335442,Plattsburg,Clinton,CDRO,"(44.7003, -73.4668)"
152,Pine Haven Home,Pine Haven Home,1021301,335632,Philmont,Columbia,CDRO,"(42.249, -73.6499)"
171,Mountainside Residential Care Center,Mountainside Residential Care Center,1226300,335339,Margaretville,Delaware,CDRO,"(42.1474, -74.6417)"
186,The Pines at Poughkeepsie Center for Nursing & Rehabilitation,The Pines at Poughkeepsie Center for Nursing & Rehabilitation,1302308,335440,Poughkeepsie,Dutchess,MARO,"(41.696, -73.9296)"
191,Elant at Wappingers Falls,Sapphire Nursing at Wappingers,1324302,335275,Wappingers Falls,Dutchess,MARO,"(41.5947, -73.9177)"
195,The Baptist Home at Brookmeade,The Baptist Home at Brookmeade,1327301,335613,Rhinebeck,Dutchess,MARO,"(41.9265, -73.8921)"
203,Renaissance Rehabilitation and Nursing Care Center,Renaissance Rehabilitation and Nursing Care Center,1356304,335404,Staatsburg,Dutchess,MARO,"(41.8326, -73.9336)"
232,Elderwood at Amherst,Elderwood at Amherst,1451307,335056,Amherst,Erie,WRO,"(42.977, -78.8137)"
274,St Francis Home of Williamsville,Comprehensive Rehabilitation and Nursing Center at Williamsville,1421300,335172,Williamsville,Erie,WRO,"(42.9657, -78.7515)"
296,Brothers of Mercy Nursing & Rehabilitation Center,Brothers of Mercy Nursing & Rehabilitation Center,1456300,335112,Clarence,Erie,WRO,"(42.9661, -78.5942)"
335,Wells Nursing Home Inc,Wells Nursing Home Inc,1702300,335314,Johnstown,Fulton,CDRO,"(43.001, -74.3757)"
344,Genesee County Nursing Home,Premier Genesee Center for Nursing and Rehabilitation,1801304,335423,Batavia,Genesee,WRO,"(43.0087, -78.1775)"
349,The Pines at Catskill Center for Nursing & Rehabilitation,The Pines at Catskill Center for Nursing & Rehabilitation,1921303,335256,Catskill,Greene,CDRO,"(42.2316, -73.8777)"
370,Mercy of Northern New York,,2201001,335001,Watertown,Jefferson,,"(43.9746, -75.9163)"
380,Carthage Area Hospital,,2238001,335453,Carthage,Jefferson,CNYRO,"(43.9861, -75.5954)"
403,The Grand Rehabilitation and Nursing at Chittenango,The Grand Rehabilitation and Nursing at Chittenango,2629303,335588,Chittenango,Madison,CNYRO,"(43.0493, -75.8696)"
446,Brighton Manor,Brighton Manor,2701354,335473,Rochester,Monroe,WRO,"(43.1493, -77.5448)"
448,New Roc Nursing and Rehabilitation Center,,2701360,335439,Rochester,Monroe,WRO,"(43.1902, -77.5844)"
462,Maplewood Nursing Home Inc,Maplewood Nursing Home Inc,2729300,335572,Webster,Monroe,WRO,"(43.213, -77.4351)"
463,"The Brightonian, Inc","The Brightonian, Inc",2750307,335554,Rochester,Monroe,WRO,"(43.1257, -77.5864)"
464,The Friendly Home,The Friendly Home,2750301,335476,Rochester,Monroe,WRO,"(43.1269, -77.5277)"
466,Woodside Manor Nursing Home Inc,Woodside Manor Nursing Home Inc,2750303,335366,Rochester,Monroe,WRO,"(43.1109, -77.5979)"
470,Westgate Nursing Home,,2753301,335556,Rochester,Monroe,WRO,"(43.1284, -77.6862)"
472,Hamilton Manor Nursing Home,Hamilton Manor Nursing Home,2754300,335615,Rochester,Monroe,WRO,"(43.2158, -77.6959)"
478,Penfield Place,Penfield Place,2761303,335407,Penfield,Monroe,WRO,"(43.1296, -77.486)"
479,Hill Haven Nursing Home,Hill Haven Nursing Home,2761302,335247,Webster,Monroe,WRO,"(43.1806, -77.5087)"
485,River Ridge Living Center,River Ridge Living Center,2801305,335422,Amsterdam,Montgomery,CDRO,"(42.9376, -74.2053)"
489,Palatine Nursing Home,Palatine Nursing Home,2827000,335685,Palatine Bridge,Montgomery,CDRO,"(42.9208, -74.5704)"
491,Glengariff Health Care Center,Glengariff Rehabilitation and Healthcare Center,2901300,335211,Glen Cove,Nassau,MARO,"(40.881, -73.6302)"
497,Grandell Rehabilitation and Nursing Center,Grandell Rehabilitation and Nursing Center,2902304,335498,Long Beach,Nassau,MARO,"(40.5847, -73.6829)"
504,South Shore Rehabilitation and Nursing Center,South Shore Rehabilitation and Nursing Center,2904302,335156,Freeport,Nassau,MARO,"(40.6523, -73.5919)"
509,Mayfair Care Center,Mayfair Care Center,2906302,335279,Hempstead,Nassau,MARO,"(40.6978, -73.6159)"
516,The Grand Pavilion for Rehab & Nursing at Rockville Centre,The Grand Pavilion for Rehab & Nursing at Rockville Centre,2909305,335297,Rockville Centre,Nassau,MARO,"(40.664, -73.6512)"
521,Grace Plaza Nursing and Rehabilitation Center,The Grand Rehabilitation and Nursing at Great Neck,2913301,335483,Great Neck,Nassau,MARO,"(40.7888, -73.7224)"
533,Belair Care Center Inc,Belair Care Center Inc,2950301,335140,No Bellmore,Nassau,MARO,"(40.6911, -73.5405)"
537,Oceanside Care Center Inc,Oceanside Care Center Inc,2950314,335158,Oceanside,Nassau,MARO,"(40.6404, -73.6421)"
539,The Five Towns Premier Rehabilitation & Nursing Center,The Five Towns Premier Rehabilitation & Nursing Center,2950315,335718,Woodmere,Nassau,MARO,"(40.6323, -73.7079)"
546,Sands Point Center for Health and Rehabilitation,Sands Point Center for Health and Rehabilitation,2951304,335022,Port Washington,Nassau,MARO,"(40.8431, -73.6902)"
548,Sunharbor Manor,Sunharbor Manor,2951307,335559,Roslyn Heights,Nassau,MARO,"(40.7919, -73.6449)"
560,Central Island Healthcare,Central Island Healthcare,2952308,335284,Plainview,Nassau,MARO,"(40.7739, -73.4804)"
564,South Point Plaza Nursing and Rehabilitation Center,The Grand Rehabilitation and Nursing at South Point,2961302,335162,Island Park,Nassau,MARO,"(40.5992, -73.6559)"
571,Odd Fellow & Rebekah Rehabilitation&Health Care Center Inc,Elderwood at Lockport,3101305,335500,Lockport,Niagara,WRO,"(43.1868, -78.6702)"
586,Newfane Rehab & Health Care Center,Newfane Rehab & Health Care Center,3154303,335481,Newfane,Niagara,WRO,"(43.2831, -78.6967)"
607,Utica Rehabilitation & Nursing Center,,3202316,335471,Utica,Oneida,CNYRO,"(43.0799, -75.2745)"
613,"Sunset Nursing and Rehabilitation Center, Inc.","Sunset Nursing and Rehabilitation Center, Inc.",3221301,335587,Boonville,Oneida,CNYRO,"(43.4788, -75.3327)"
621,Presbyterian Home for Central New York Inc,Presbyterian Home for Central New York Inc,3227303,335546,New Hartford,Oneida,CNYRO,"(43.0723, -75.3429)"
633,Emerald North Nursing and Rehabilitation Center,Buffalo Community Healthcare Center,1401339,335640,Buffalo,Erie,WRO,"(42.9166, -78.8688)"
648,Loretto Health and Rehabilitation Center,Loretto Health and Rehabilitation Center,3301327,335136,Syracuse,Onondaga,CNYRO,"(43.0091, -76.1328)"
656,James Square Nursing and Rehabilitation Centre,Bishop Rehabilitation and Nursing Center,3301322,335338,Syracuse,Onondaga,CNYRO,"(43.0575, -76.1378)"
672,Living Center at Geneva - North,Living Center at Geneva - North,3402303,335098,Geneva,Ontario,WRO,"(42.8757, -76.9874)"
677,Clifton Springs Hospital and Clinic Extended Care,Clifton Springs Hospital and Clinic Extended Care,3421000,335361,Clifton Springs,Ontario,WRO,"(42.9605, -77.1389)"
682,Elm Manor Nursing Home,Elm Manor Nursing and Rehabilitation Center,3429303,335255,Canandaigua,Ontario,WRO,"(42.8943, -77.2862)"
696,Sapphire Nursing at Meadow Hill,Sapphire Nursing at Meadow Hill,3502305,335464,Newburgh,Orange,MARO,"(41.5259, -74.0893)"
702,The Valley View Center for Nursing Care and Rehabilitation,The Valley View Center for Nursing Care and Rehabilitation,3523301,335238,Goshen,Orange,MARO,"(41.3556, -74.3674)"
716,The Villages of Orleans Health and Rehabilitation Center,,3620301,335212,Albion,Orleans,WRO,"(43.2406, -78.2166)"
719,Medina Memorial Hospital SNF,Medina Memorial Hospital SNF,3622000,335313,Medina,Orleans,WRO,"(43.2236, -78.3971)"
725,"Michaud Residential Health Services, Inc.",,3701301,335460,,,CNYRO,"(43.3151, -76.4071)"
731,Morningstar Residential Care Center,Morningstar Residential Care Center,3702315,335489,Oswego,Oswego,CNYRO,"(43.4457, -76.5285)"
740,Aurelia Osborn Fox Memorial Hospital,Aurelia Osborn Fox Memorial Hospital,3801000,335204,Oneonta,Otsego,CDRO,"(42.4574, -75.0533)"
749,Otsego Manor,,3859300,335412,Cooperstown,Otsego,CDRO,"(42.6687, -74.9536)"
762,Troy Center for Rehabilitation and Nursing,Troy Center for Rehabilitation and Nursing,4102313,335280,Troy,Rensselaer,CDRO,"(42.6973, -73.6964)"
766,The Center for Nursing and Rehabilitation at Hoosick Falls,The Center for Nursing and Rehabilitation at Hoosick Falls,4120300,335601,Hoosick Falls,Rensselaer,CDRO,"(42.9095, -73.3475)"
767,Riverside Center for Rehabilitation and Nursing,Riverside Center for Rehabilitation and Nursing,4124301,335525,Castleton-On-Hudson,Rensselaer,CDRO,"(42.5398, -73.7514)"
774,"Northern Riverview Health Care Center, Inc","Northern Riverview Health Care Center, Inc",4321302,335418,Haverstraw,Rockland,MARO,"(41.2023, -73.9837)"
794,Summit Park Nursing Care Center,,4353000,335260,,,MARO,"(41.1604, -74.0396)"
806,"St Regis Nursing Home, Inc.",Massena Rehabilitation & Nursing Center,4402303,335592,Massena,Saint Lawrence,CNYRO,"(44.9232, -74.8854)"
819,Saratoga Hospital Nursing Home,,4501000,335359,,,CDRO,"(43.0848, -73.7963)"
822,Wesley Health Care Center Inc,Wesley Health Care Center Inc,4501301,335394,Saratoga Springs,Saratoga,CDRO,"(43.0884, -73.7893)"
825,Saratoga County Maplewood Manor,,4520301,335518,Ballston Spa,Saratoga,CDRO,"(42.9964, -73.8537)"
856,Grand Manor Nursing & Rehabilitation Center,Grand Manor Nursing & Rehabilitation Center,7000361,335744,Bronx,Bronx,MARO,"(40.8198, -73.8577)"
859,Schuyler Hospital Inc and Long Term Care Unit,Schuyler Hospital Inc and Long Term Care Unit,4823000,335375,Montour Falls,Schuyler,WRO,"(42.3515, -76.8586)"
867,Corning Center for Rehabilitation and Healthcare,Corning Center for Rehabilitation and Healthcare,5001001,335330,Corning,Steuben,WRO,"(42.14, -77.046)"
871,"Hornell Gardens, LLC","Hornell Gardens, LLC",5002302,335322,Hornell,Steuben,WRO,"(42.3129, -77.6586)"
917,Hilaire Rehab & Nursing,Hilaire Rehab & Nursing,5153310,335040,Huntington,Suffolk,MARO,"(40.8678, -73.4108)"
919,Apex Rehabilitation & Care Center,Apex Rehabilitation & Care Center,5153311,335067,Huntington Station,Suffolk,MARO,"(40.8272, -73.3936)"
920,Carillon Nursing and Rehabilitation Center,Carillon Nursing and Rehabilitation Center,5153306,335286,Huntington,Suffolk,MARO,"(40.8554, -73.3893)"
932,Ross Health Care Center,Ross Center for Nursing and Rehabilitation,5154320,335159,Brentwood,Suffolk,MARO,"(40.7824, -73.2412)"
950,St. James Rehabilitation & Healthcare Center,St. James Rehabilitation & Healthcare Center,5157317,335301,St James,Suffolk,MARO,"(40.8791, -73.1422)"
951,"St Johnland Nursing Center, Inc","St Johnland Nursing Center, Inc",5157311,335487,Kings Park,Suffolk,MARO,"(40.902, -73.2406)"
982,Oak Hill Manor Nursing Home,Oak Hill Rehabilitation and Nursing Care Center,5401310,335225,Ithaca,Tompkins,CNYRO,"(42.4322, -76.4919)"
1013,"Adirondack Tri-County Nursing and Rehabilitation Center, Inc",Elderwood at North Creek,5655302,335429,North Creek,Warren,CDRO,"(43.6944, -73.9893)"
1018,"Fort Hudson Nursing Center, Inc.","Fort Hudson Nursing Center, Inc.",5724302,335300,Fort Edward,Washington,CDRO,"(43.267, -73.5846)"
1026,Washington Center for Rehabilitation and Healthcare,Washington Center for Rehabilitation and Healthcare,5750301,335413,Argyle,Washington,CDRO,"(43.2037, -73.4867)"
1058,White Plains Center for Nursing Care,White Plains Center for Nursing Care,5902318,335224,White Plains,Westchester,MARO,"(41.0194, -73.7765)"
1073,Bayberry Nursing Home,Bayberry Nursing Home,5904317,335614,New Rochelle,Westchester,MARO,"(40.8922, -73.7842)"
1081,Schaffer Extended Care Center,Schaffer Extended Care Center,5904322,335337,New Rochelle,Westchester,MARO,"(40.913, -73.7871)"
1088,Bethel Nursing Home Company Inc,Bethel Nursing Home Company Inc,5905303,335490,Ossining,Westchester,MARO,"(41.1732, -73.8433)"
1093,King Street Home Inc,King Street Home Inc,5906300,335447,Port Chester,Westchester,MARO,"(41.0267, -73.6706)"
1113,"The New Jewish Home, Sarah Neuman","The New Jewish Home, Sarah Neuman",5909302,335296,Mamaroneck,Westchester,MARO,"(40.944, -73.7452)"
1114,Sprain Brook Manor Rehab,Sprain Brook Manor Rehab,5910301,335320,Scarsdale,Westchester,MARO,"(40.9865, -73.8358)"
1120,"Sky View Rehabilitation and Health Care Center, LLC","Sky View Rehabilitation and Health Care Center, LLC",5921302,335508,Croton On Hudson,Westchester,MARO,"(41.2156, -73.9067)"
1125,St Cabrini Nursing Home,St Cabrini Nursing Home,5925300,335383,Dobbs Ferry,Westchester,MARO,"(41.0077, -73.8792)"
1150,North Westchester Restorative Therapy and Nursing Center,North Westchester Restorative Therapy and Nursing Center,5968302,335342,Mohegan Lake,Westchester,MARO,"(41.3212, -73.8597)"
1217,St Patricks Home,St Patricks Home,7000307,335011,Bronx,Bronx,MARO,"(40.8844, -73.8885)"
1219,Workmen's Circle Multicare Center,Workmen's Circle Multicare Center,7000390,335227,Bronx,Bronx,MARO,"(40.8744, -73.8372)"
1225,"The New Jewish Home, Harry and Jeanette Weinberg Campus",The Plaza Rehab and Nursing Center,7000317,335462,Bronx,Bronx,MARO,"(40.8684, -73.9016)"
1242,Regeis Care Center,Regeis Care Center,7000356,335019,Bronx,Bronx,MARO,"(40.8769, -73.8361)"
1247,Williamsbridge Manor Nursing Home,Williamsbridge Center for Rehabilitation and Nursing,7000379,335048,Bronx,Bronx,MARO,"(40.8459, -73.849)"
1252,Morningside Nursing and Rehabilitation Center,Morningside Nursing and Rehabilitation Center,7000391,335484,Bronx,Bronx,MARO,"(40.8568, -73.859)"
1277,East Haven Nursing & Rehabilitation Center,East Haven Nursing & Rehabilitation Center,7000360,335723,Bronx,Bronx,MARO,"(40.8599, -73.8431)"
1374,Norwegian Christian Home and Health Center,Norwegian Christian Home and Health Center,7001316,335523,Brooklyn,Kings,MARO,"(40.6251, -74.0033)"
1376,Schulman and Schachne Institute for Nursing And Rehabilitation,Schulman and Schachne Institute for Nursing And Rehabilitation,7001318,335381,Brooklyn,Kings,MARO,"(40.655, -73.9133)"
1378,Williamsville Suburban LLC,Williamsville Suburban LLC,1421306,335647,Williamsville,Erie,WRO,"(42.9564, -78.7549)"
1383,Crown Nursing & Rehab Center,The Chateau at Brooklyn Rehabilitation and Nursing Center,7001367,335290,Brooklyn,Kings,MARO,"(40.5996, -73.9417)"
1391,Oxford Nursing Home,Oxford Nursing Home,7001373,335163,Brooklyn,Kings,MARO,"(40.685, -73.9732)"
1399,Shoreview Nursing Home,Shore View Nursing & Rehabilitation Center,7001342,335288,Brooklyn,Kings,MARO,"(40.5814, -73.9657)"
1404,Concord Nursing Home Inc,Concord Nursing and Rehabilitation Center,7001348,335538,Brooklyn,Kings,MARO,"(40.6852, -73.9463)"
1578,New East Side Nursing Home,New East Side Nursing Home,7002358,335517,New York,New York,MARO,"(40.716, -73.9829)"
1583,North Gate Health Care Facility,North Gate Health Care Facility,3160301,335649,North Tonawanda,Niagara,WRO,"(43.0745, -78.866)"
1600,Coler Rehabilitation and Nursing Care Center,Coler Rehabilitation and Nursing Care Center,7002336,335063,Roosevelt Island,New York,MARO,"(40.7688, -73.9423)"
1601,Henry J. Carter Skilled Nursing Facility,Henry J. Carter Skilled Nursing Facility,7002337,335092,New York,New York,MARO,"(40.803, -73.9408)"
1605,Amsterdam Nursing Home Corp (1992),Amsterdam Nursing Home Corp (1992),7002356,335570,New York,New York,MARO,"(40.8045, -73.9628)"
1667,Queen of Peace Residence,Queen of Peace Residence,7003303,335606,Queens Village,Queens,MARO,"(40.7058, -73.736)"
1673,Bridge View Nursing Home,Bridge View Nursing Home,7003309,335327,Whitestone,Queens,MARO,"(40.7816, -73.8244)"
1675,The Grand Rehabilitation and Nursing at Queens,The Grand Rehabilitation and Nursing at Queens,7003404,335130,Whitestone,Queens,MARO,"(40.7813, -73.8047)"
1679,Far Rockaway Nursing Home,Far Rockaway Center for Rehabilitation and Nursing,7003315,335044,Far Rockaway,Queens,MARO,"(40.6102, -73.7454)"
1681,Forest Hills Care Center,Forest Hills Care Center,7003394,335139,Forest Hills,Queens,MARO,"(40.7215, -73.8549)"
1689,Park Nursing Home,Park Nursing Home,7003364,335093,Rockaway Park,Queens,MARO,"(40.5787, -73.8354)"
1697,"New Glen Oaks Nursing Home, Inc","New Glen Oaks Nursing Home, Inc",7003391,335299,Glen Oaks,Queens,MARO,"(40.7467, -73.7117)"
1707,"Lawrence Nursing Care Center, Inc","Lawrence Nursing Care Center, Inc",7003385,335415,Arverne,Queens,MARO,"(40.594, -73.7844)"
1751,Lily Pond Nursing Home,,,,,,,"(40.5996, -74.0644)"
1757,Golden Gate Rehabilitation & Health Care Center,Golden Gate Rehabilitation & Health Care Center,7004322,335502,Staten Island,Richmond,MARO,"(40.6069, -74.1318)"
2533,Middletown Park Rehabilitation & Health Care Center,Middletown Park Rehabilitation & Health Care Center,3501304,335655,Middletown,Orange,MARO,"(41.4525, -74.3826)"
2544,Campbell Hall Rehabilitation Center Inc,Campbell Hall Rehabilitation Center Inc,3557302,335657,Campbell Hall,Orange,MARO,"(41.4533, -74.2803)"
2589,Wellsville Manor Care Center,Wellsville Manor Care Center,228305,335661,Wellsville,Allegany,WRO,"(42.1265, -77.9678)"
2815,Elderwood at Williamsville,Elderwood at Williamsville,1421307,335326,Williamsville,Erie,WRO,"(42.9969, -78.7315)"
2956,"Autumn View Health Care Facility, LLC","Autumn View Health Care Facility, LLC",1430301,335662,Hamburg,Erie,WRO,"(42.7601, -78.8323)"
3053,Onondaga Center for Rehabilitation and Nursing,Onondaga Center for Rehabilitation and Nursing,3334304,335548,Minoa,Onondaga,CNYRO,"(43.0791, -75.9976)"
3164,Kirkhaven,Kirkhaven,2701345,335668,Rochester,Monroe,WRO,"(43.1519, -77.596)"
3186,Cayuga County Nursing Home,,566301,335670,Auburn,Cayuga,CNYRO,"(42.9789, -76.5411)"
3407,Sapphire Nursing and Rehab at Goshen,Sapphire Nursing and Rehab at Goshen,3523304,335684,Goshen,Orange,MARO,"(41.3891, -74.3185)"
3421,Long Island State Veterans Home,Long Island State Veterans Home,5151310,335758,Stonybrook,Suffolk,MARO,"(40.9121, -73.1217)"
3455,"Harris Hill Nursing Facility, LLC","Harris Hill Nursing Facility, LLC",1406301,335757,Williamsville,Erie,WRO,"(42.9563, -78.6886)"
3630,Field Home-Holy Comforter,Yorktown Rehabilitation & Nursing Center,5901302,335078,Cortlandt Manor,Westchester,MARO,"(41.282, -73.8498)"
3765,Salem Hills Rehabilitation and Nursing Center,Salem Hills Rehabilitation and Nursing Center,5960304,335687,Purdys,Westchester,MARO,"(41.3289, -73.6568)"
3910,"Absolut Center for Nursing and Rehabilitation at Eden, LLC",Eden Rehabilitation & Nursing Center,1461302,335607,Eden,Erie,WRO,"(42.6589, -78.8958)"
4156,Ira Davenport Memorial Hospital SNF/HRF,Ira Davenport Memorial Hospital SNF/HRF,5022301,335706,Bath,Steuben,WRO,"(42.373, -77.2787)"
4217,Slate Valley Center for Rehabilitation and Nursing,Slate Valley Center for Rehabilitation and Nursing,5725305,335711,Granville,Washington,CDRO,"(43.4517, -73.3634)"
4286,Huntington Living Center,Huntington Living Center,4921302,335712,Waterloo,Seneca,WRO,"(42.9018, -76.8467)"
4407,Silvercrest,Silvercrest,7003372,335724,Jamaica,Queens,MARO,"(40.7069, -73.8116)"
4474,Elderwood at Cheektowaga,Elderwood at Cheektowaga,1455303,335752,Cheektowaga,Erie,WRO,"(42.8893, -78.747)"
4522,Norwich Rehabilitation & Nursing Center,Norwich Rehabilitation & Nursing Center,824304,335759,Norwich,Chenango,CNYRO,"(42.5474, -75.5263)"
4552,Sayville Nursing and Rehabilitation Center,Luxor Nursing and Rehabilitation at Sayville,5154325,335761,Sayville,Suffolk,MARO,"(40.7641, -73.0666)"
4808,Edna Tina Wilson Living Center,Edna Tina Wilson Living Center,2754304,335769,Rochester,Monroe,WRO,"(43.2661, -77.6638)"
4814,Throgs Neck Extended Care Facility,Throgs Neck Rehabilitation & Nursing Center,7000386,335771,Bronx,Bronx,MARO,"(40.8276, -73.8183)"
4815,NYS Veterans Home In NYC,NYS Veterans Home In NYC,7003383,335770,Jamaica,Queens,MARO,"(40.6926, -73.7691)"
4823,Richmond Center for Rehabilitation and Specialty Healthcare,Richmond Center for Rehabilitation and Specialty Healthcare,7004324,335772,Staten Island,Richmond,MARO,"(40.6224, -74.0784)"
4898,Father Baker Manor,Father Baker Manor,1435302,335777,Orchard Park,Erie,WRO,"(42.7322, -78.7524)"
5670,Schervier Pavilion,Schervier Pavilion,3529301,335784,Warwick,Orange,MARO,"(41.2621, -74.359)"
5760,Wingate of Dutchess,Wingate of Dutchess,1320301,335789,Fishkill,Dutchess,MARO,"(41.5409, -73.8867)"
5790,Focus Rehabilitation and Nursing Center at Utica,Oneida Center for Rehabilitation and Nursing,3202313,335794,Utica,Oneida,CNYRO,"(43.0931, -75.2424)"
5904,Queens Boulevard Extended Care Facility,Queens Boulevard Extended Care Facility,7003390,335791,Woodside,Queens,MARO,"(40.7416, -73.9035)"
6050,Townhouse Center for Rehabilitation & Nursing,Townhouse Center for Rehabilitation & Nursing,2950318,335798,Uniondale,Nassau,MARO,"(40.7154, -73.601)"
6083,Nottingham RCHF,Nottingham RCHF,3353301,335800,Jamesville,Onondaga,CNYRO,"(43.0103, -76.0862)"
6237,Wingate at Beacon,Wingate at Beacon,1301301,335828,Beacon,Dutchess,MARO,"(41.5095, -73.9583)"
6248,Buena Vida Rehabilitation and Nursing Center,Buena Vida Rehabilitation and Nursing Center,7001035,335826,Brooklyn,Kings,MARO,"(40.6969, -73.9277)"
6324,Island Nursing and Rehab Center,Island Nursing and Rehab Center,5151318,335835,Holtsville,Suffolk,MARO,"(40.8235, -73.0264)"
6334,Maria Regina Residence Inc,Maria Regina Residence Inc,5154321,335837,Brentwood,Suffolk,MARO,"(40.7725, -73.2461)"
6384,New York Center for Rehabilitation & Nursing,New York Center for Rehabilitation & Nursing,7003405,335838,Astoria,Queens,MARO,"(40.7731, -73.9251)"
6460,Affinity Skilled Living and Rehabilitation Center,Affinity Skilled Living and Rehabilitation Center,5154323,335839,Oakdale,Suffolk,MARO,"(40.7431, -73.1119)"
6462,Medford Multicare Center for Living,,5151319,335840,Medford,Suffolk,MARO,"(40.8257, -72.985)"
7064,Wingate of Ulster,Wingate of Ulster,5556301,335803,Highland,Ulster,MARO,"(41.697, -73.9668)"
7268,Evergreen Commons,Evergreen Commons Rehabilitation and Nursing Center,4152303,335110,East Greenbush,Rensselaer,CDRO,"(42.6199, -73.6982)"
7605,The Grove at Valhalla Rehabilitation and Nursing Center,The Grove at Valhalla Rehabilitation and Nursing Center,5957304,335809,Valhalla,Westchester,MARO,"(41.07, -73.7833)"
7758,Northeast Center for Special Care,Northeast Center for Rehabilitation and Brain Injury,5501310,335845,Lake Katrine,Ulster,MARO,"(41.9805, -73.9952)"
7823,Park Avenue Extended Care Facility,Park Avenue Extended Care Facility,2902306,335819,Long Beach,Nassau,MARO,"(40.59, -73.6671)"
9472,"Samaritan Senior Village, Inc.","Samaritan Senior Village, Inc.",2269300,335865,Watertown,Jefferson,CNYRO,"(43.9881, -75.9374)"
326,Alice Hyde Medical Center,Alice Hyde Medical Center,1624000,335127,Malone,Franklin,CDRO,"(44.8573, -74.2908)"
56,"Absolut Center for Nursing and Rehabilitation at Endicott, LLC","Absolut Center for Nursing and Rehabilitation at Endicott, LLC",302303,335371,Endicott,Broome,CNYRO,"(42.1125, -76.0568)"
23,Teresian House Nursing Home Co Inc,Teresian House Nursing Home Co Inc,101313,335627,Albany,Albany,CDRO,"(42.7021, -73.8542)"
315,Uihlein Living Center,Elderwood of Uihlein at Lake Placid,1560301,335267,Lake Placid,Essex,CDRO,"(44.266, -73.9833)"
27,Delmar Center for Rehabilitation and Nursing,Delmar Center for Rehabilitation and Nursing,151300,335735,Delmar,Albany,CDRO,"(42.6259, -73.802)"
17,St. Peter's Nursing And Rehabilitation Center,St. Peter's Nursing And Rehabilitation Center,101305,335128,Albany,Albany,CDRO,"(42.6533, -73.805)"
266,Sheridan Manor LLC,"Safire Rehabilitation of Northtowns, LLC",1403303,335180,Tonawanda,Erie,WRO,"(42.9807, -78.8298)"
129,Chenango Memorial Hospital Inc SNF,Chenango Memorial Hospital Inc SNF,824000,335355,Norwich,Chenango,CNYRO,"(42.5418, -75.5248)"
156,Livingston Hills Nursing and Rehabilitation Center,Livingston Hills Nursing and Rehabilitation Center,1063302,335389,Livingston,Columbia,CDRO,"(42.1395, -73.7849)"
126,ChaseHealth Rehab and Residential Care,ChaseHealth Rehab and Residential Care,823300,335344,New Berlin,Chenango,CNYRO,"(42.6329, -75.3165)"
343,"Batavia Health Care Center, LLC",The Grand Rehabilitation and Nursing at Batavia,1801306,335202,Batavia,Genesee,WRO,"(43.0098, -78.1818)"
278,"Absolut Center for Nursing and Rehabilitation at Aurora Park, LLC","Absolut Center for Nursing and Rehabilitation at Aurora Park, LLC",1422303,335281,East Aurora,Erie,WRO,"(42.7681, -78.6235)"
133,NYS Veterans Home,NYS Veterans Home,825301,335097,Oxford,Chenango,CNYRO,"(42.4505, -75.6053)"
71,The Pines Healthcare & Rehabilitation Centers Olean Campus,The Pines Healthcare & Rehabilitation Centers Olean Campus,401303,335357,Olean,Cattaraugus,WRO,"(42.0771, -78.4574)"
310,Elderwood at Ticonderoga,Elderwood at Ticonderoga,1527301,335482,Ticonderoga,Essex,CDRO,"(43.8495, -73.4356)"
189,The Grand Rehabilitation and Nursing at Pawling,The Grand Rehabilitation and Nursing at Pawling,1322302,335458,Pawling,Dutchess,MARO,"(41.5744, -73.5919)"
48,"Elizabeth Church Manor Nursing Home, Inc",Elizabeth Church Manor Nursing Home,301307,335090,Binghamton,Broome,CNYRO,"(42.1185, -75.9069)"
357,Mohawk Valley Health Care Center,The Grand Rehabilitation and Nursing at Mohawk,2101301,335386,Ilion,Herkimer,CNYRO,"(43.0184, -75.0473)"
337,Fulton Center for Rehabilitation and Healthcare,Fulton Center for Rehabilitation and Healthcare,1754301,335091,Gloversville,Fulton,CDRO,"(43.0723, -74.3705)"
60,"Susquehanna Nursing & Rehabilitation Center, LLC","Susquehanna Nursing & Rehabilitation Center, LLC",303307,335393,Johnson City,Broome,CNYRO,"(42.1003, -75.9588)"
300,Seneca Health Care Center,Seneca Health Care Center,1474301,335504,West Seneca,Erie,WRO,"(42.8396, -78.7825)"
92,"The Commons on St. Anthony, a Skilled Nursing & Short Term Rehabil","The Commons on St. Anthony, a Skilled Nursing & Short Term Rehabilitation Community",566302,335382,Auburn,Cayuga,CNYRO,"(42.918, -76.5815)"
268,Mcauley Residence,Mcauley Residence,1404000,335433,Kenmore,Erie,WRO,"(42.978, -78.8858)"
99,Chautauqua Nursing and Rehabilitation Center,Chautauqua Nursing and Rehabilitation Center,601304,335485,Dunkirk,Chautauqua,WRO,"(42.4744, -79.363)"
41,Highland Park Rehabilitation and Nursing Center,Highland Park Rehabilitation and Nursing Center,228303,335210,Wellsville,Allegany,WRO,"(42.1231, -77.9613)"
194,Ferncliff Nursing Home Co Inc,Ferncliff Nursing Home Co Inc,1327300,335405,Rhinebeck,Dutchess,MARO,"(41.9418, -73.9353)"
201,Fishkill Center for Rehabilitation and Nursing,Fishkill Center for Rehabilitation and Nursing,1301302,335750,Beacon,Dutchess,MARO,"(41.5214, -73.9727)"
350,Greene Meadows Nursing and Rehabilitation Center,Greene Meadows Nursing and Rehabilitation Center,1953300,335574,Catskill,Greene,CDRO,"(42.2318, -73.8783)"
161,Crown Center for Nursing and Rehabilitation,Crown Park Rehabilitation and Nursing Center,1101309,335392,Cortland,Cortland,CNYRO,"(42.5952, -76.1601)"
49,Good Shepherd-Fairview Home Inc,Good Shepherd-Fairview Home Inc,301305,335527,Binghamton,Broome,CNYRO,"(42.1109, -75.8767)"
254,Waterfront Center for Rehabilitation and Healthcare,Ellicott Center for Rehabilitation and Nursing,1401337,335437,Buffalo,Erie,WRO,"(42.8904, -78.8836)"
320,Mercy Living Center,Mercy Living Center,1620300,335220,Tupper Lake,Franklin,CDRO,"(44.217, -74.4628)"
50,"Bridgewater Center for Rehabilitation & Nursing, LLC","Bridgewater Center for Rehabilitation & Nursing, LLC",301308,335228,Binghamton,Broome,CNYRO,"(42.101, -75.9169)"
144,Clinton County Nursing Home,Clinton County Nursing Home,952300,335598,Plattsburgh,Clinton,CDRO,"(44.6807, -73.4565)"
119,St Josephs Hospital - Skilled Nursing Facility,St. Joseph's Hospital - Skilled Nursing Facility,701001,335072,Elmira,Chemung,WRO,"(42.0914, -76.7969)"
252,St Catherine Laboure Health Care Center,St Catherine Laboure Health Care Center,1401324,335419,Buffalo,Erie,WRO,"(42.9291, -78.85)"
139,Plattsburgh Rehabilitation and Nursing Center,Plattsburgh Rehabilitation and Nursing Center,901304,335528,Plattsburgh,Clinton,CDRO,"(44.6828, -73.4601)"
202,Quaker Hill Manor,The Eleanor Nursing Care Center,1356303,335323,Hyde Park,Dutchess,MARO,"(41.7954, -73.8653)"
329,Franklin County Nursing Home,,1664300,335293,Malone,Franklin,CDRO,"(44.8387, -74.301)"
131,Valley View Manor Nursing Home,Valley View Manor Nursing Home,824303,335208,Norwich,Chenango,CNYRO,"(42.5349, -75.5128)"
299,Elderwood at Grand Island,Elderwood at Grand Island,1464302,335391,Grand Island,Erie,WRO,"(43.0391, -78.9794)"
154,Barnwell Nursing & Rehabilitation Center,The Grand Rehabilitation and Nursing at Barnwell,1023301,335565,Valatie,Columbia,CDRO,"(42.418, -73.6755)"
281,Jennie B Richmond Chaffee Nursing Home Company Inc,Jennie B Richmond Chaffee Nursing Home Company Inc,1427000,335435,Springville,Erie,WRO,"(42.5086, -78.6592)"
22,Daughters of Sarah Nursing Center,Daughters of Sarah Nursing Center,101312,335465,Albany,Albany,CDRO,"(42.6999, -73.8516)"
244,Humboldt House Rehabilitation and Nursing Center,Humboldt House Rehabilitation and Nursing Center,1401340,335164,Buffalo,Erie,WRO,"(42.9211, -78.8482)"
288,Beechwood Homes,Beechwood Homes,1451306,335468,Getzville,Erie,WRO,"(43.0092, -78.773)"
294,Garden Gate Health Care Facility,Garden Gate Health Care Facility,1455300,335634,Cheektowaga,Erie,WRO,"(42.8765, -78.7533)"
140,Meadowbrook Healthcare,Meadowbrook Healthcare,901303,335438,Plattsburgh,Clinton,CDRO,"(44.7035, -73.474)"
284,"Absolut Center for Nursing and Rehabilitation at Orchard Park, LLC","Absolut Center for Nursing and Rehabilitation at Orchard Park, LLC",1435303,335507,Orchard Park,Erie,WRO,"(42.7513, -78.7627)"
33,Guilderland Center Rehabilitation and Extended Care Facility,The Grand Rehabilitation and Nursing at Guilderland,155303,335540,Guilderland Center,Albany,CDRO,"(42.7022, -73.9617)"
251,Emerald South Nursing and Rehabilitation Center,,1401338,335593,Buffalo,Erie,WRO,"(42.916, -78.869)"
272,Elderwood at Lancaster,Elderwood at Lancaster,1406303,335577,Lancaster,Erie,WRO,"(42.8928, -78.6848)"
169,Robinson Terrace,Robinson Terrace Rehabilitation and Nursing Center,1225000,335236,Stamford,Delaware,CDRO,"(42.4118, -74.5981)"
214,Mercy Hospital Skilled Nursing Facility,Mercy Hospital Skilled Nursing Facility,1401008,335308,Lackawanna,Erie,WRO,"(42.8274, -78.8209)"
81,"Absolut Center for Nursing and Rehabilitation at Salamanca, LLC",Salamanca Rehabilitation & Nursing Center,433303,335534,Salamanca,Cattaraugus,WRO,"(42.1576, -78.7321)"
117,Arnot-Ogden Medical Center Residential Health Care Facility,,701000,335385,Elmira,Chemung,WRO,"(42.0993, -76.8268)"
269,Schofield Residence,Schofield Residence,1404300,335603,Kenmore,Erie,WRO,"(42.9884, -78.8786)"
160,Cortland Park Rehabilitation and Nursing Center,Cortland Park Rehabilitation and Nursing Center,1101310,335218,Cortland,Cortland,CNYRO,"(42.6116, -76.1649)"
21,Hudson Park Rehabilitation and Nursing Center,Hudson Park Rehabilitation and Nursing Center,101315,335812,Albany,Albany,CDRO,"(42.6709, -73.7537)"
282,Fiddlers Green Manor Rehabilitation and Nursing Center,Fiddlers Green Manor Rehabilitation and Nursing Center,1427303,335457,Springville,Erie,WRO,"(42.5088, -78.6735)"
331,Nathan Littauer Hospital Nursing Home,Nathan Littauer Hospital Nursing Home,1701000,335351,Gloversville,Fulton,CDRO,"(43.0681, -74.3306)"
73,"Absolut Center for Nursing and Rehabilitation at Allegany, LLC","Absolut Center for Nursing and Rehabilitation at Allegany, LLC",420302,335610,Allegany,Cattaraugus,WRO,"(42.0946, -78.4899)"
29,Our Lady of Hope Residence-Little Sisters of the Poor,,153300,335553,Latham,Albany,CDRO,"(42.7562, -73.7542)"
83,The Pines Healthcare & Rehabilitation Centers  Machias Campus,The Pines Healthcare & Rehabilitation Centers  Machias Campus,469300,335578,Machias,Cattaraugus,WRO,"(42.4259, -78.4888)"
193,"Northern Dutchess Res Health Care Facility, Inc","Northern Dutchess Res Health Care Facility, Inc",1327302,335348,Rhinebeck,Dutchess,MARO,"(41.935, -73.9114)"
277,Brooklyn-Queens Nursing Home,Brooklyn-Queens Nursing Home,7001382,335637,Brooklyn,Kings,MARO,"(40.6697, -73.8628)"
305,Essex Center for Rehabilitation and Healthcare,Essex Center for Rehabilitation and Healthcare,1552300,335478,Elizabethtown,Essex,CDRO,"(44.215, -73.5962)"
360,FoltsBrook Center for Nursing and Rehabilitation,FoltsBrook Center for Nursing and Rehabilitation,2124300,335510,Herkimer,Herkimer,CNYRO,"(43.0263, -74.9846)"
618,Harding Nursing Home,Waterville Residential Care Center,3226301,335585,Waterville,Oneida,CNYRO,"(42.9305, -75.3835)"
1041,Cortlandt Healthcare LLC,Cortlandt Healthcare,5901304,335441,Peekskill,Westchester,MARO,"(41.3127, -73.9053)"
62,Vestal Park Rehabilitation and Nursing Center,,336301,335226,Vestal,Broome,CNYRO,"(42.0943, -76.0386)"
1576,Ditmas Park Care Center,Ditmas Park Care Center,7001393,335648,Brooklyn,Kings,MARO,"(40.64, -73.9577)"
465,The Hurlbut,The Hurlbut,2750308,335341,Rochester,Monroe,WRO,"(43.0974, -77.6133)"
595,"Betsy Ross Rehabilitation Center, Inc","Betsy Ross Rehabilitation Center, Inc",3201307,335727,Rome,Oneida,CNYRO,"(43.2321, -75.4661)"
402,Community Memorial Hospital Inc NH Unit,,2625000,335356,Hamilton,Madison,CNYRO,"(42.814, -75.542)"
483,Wilkinson Residential Health Care Facility,Wilkinson Residential Health Care Facility,2801001,335857,Amsterdam,Montgomery,CDRO,"(42.9612, -74.1863)"
534,A Holly Patterson Extended Care Facility,A Holly Patterson Extended Care Facility,2950302,335023,Uniondale,Nassau,MARO,"(40.6975, -73.5856)"
590,"Rome Memorial Hospital, Inc - RHCF","Rome Memorial Hospital, Inc - RHCF",3201002,335563,Rome,Oneida,CNYRO,"(43.2299, -75.4435)"
508,Hempstead Park Nursing Home,Hempstead Park Nursing Home,2906304,335808,Hempstead,Nassau,MARO,"(40.7093, -73.6022)"
442,St Johns Health Care Corporation,St Johns Health Care Corporation,2701353,335008,Rochester,Monroe,WRO,"(43.13, -77.6097)"
609,The Grand Rehabilitation and Nursing at Utica,The Grand Rehabilitation and Nursing at Utica,3202318,335600,Utica,Oneida,CNYRO,"(43.091, -75.2569)"
477,St Anns Community,St Anns Community_Webster,2757301,335730,Webster,Monroe,WRO,"(43.209, -77.4697)"
524,Daleview Care Center,Daleview Care Center,5150302,335161,Farmingdale,Nassau,MARO,"(40.7284, -73.4482)"
475,Latta Road Nursing Home East,Latta Road Nursing Home East,2701363,335618,Rochester,Monroe,WRO,"(43.253, -77.6668)"
594,Bethany Gardens Skilled Living Center,Bethany Gardens Skilled Living Center,3201308,335732,Rome,Oneida,CNYRO,"(43.2362, -75.4524)"
431,Aaron Manor Rehabilitation and Nursing Center,Aaron Manor Rehabilitation and Nursing Center,2725301,335532,Fairport,Monroe,WRO,"(43.1215, -77.4417)"
498,Komanoff Center for Geriatric & Rehab Medicine,Long Beach Nursing and Rehabilitation Center,2902302,335432,Long Beach,Nassau,MARO,"(40.5943, -73.6535)"
592,Colonial Park Rehabilitation and Nursing Center,Colonial Park Rehabilitation and Nursing Center,3201311,335233,Rome,Oneida,CNYRO,"(43.2176, -75.4362)"
384,Lewis County General Hospital-Nursing Home Unit,Lewis County General Hospital-Nursing Home Unit,2424000,335428,Lowville,Lewis,CNYRO,"(43.7957, -75.4981)"
620,Charles T Sitrin Health Care Center Inc,Charles T Sitrin Health Care Center Inc,3227304,335475,New Hartford,Oneida,CNYRO,"(43.055, -75.2288)"
474,Park Ridge Nursing Home,Park Ridge Nursing Home,2754302,335369,Rochester,Monroe,WRO,"(43.1916, -77.7015)"
558,Cold Spring Hills Center for Nursing and Rehabilitation,Cold Spring Hills Center for Nursing and Rehabilitation,2952310,335555,Woodbury,Nassau,MARO,"(40.8256, -73.4701)"
579,Schoellkopf Health Center,Schoellkopf Health Center,3102307,335376,Niagara Falls,Niagara,WRO,"(43.094, -79.0504)"
493,Glen Cove Center for Nursing and Rehabilitation,Glen Cove Center for Nursing and Rehabilitation,2901305,335716,Glen Cove,Nassau,MARO,"(40.8746, -73.623)"
444,Church Home of the Protestant Episcopal Church,Church Home of the Protestant Episcopal Church,2701339,335263,Rochester,Monroe,WRO,"(43.1402, -77.6138)"
588,"Absolut Center for Nursing and Rehabilitation at Gasport, LLC","Absolut Center for Nursing and Rehabilitation at Gasport, LLC",3158302,335533,Gasport,Niagara,WRO,"(43.1936, -78.5733)"
473,Latta Road Nursing Home West,Latta Road Nursing Home West,2701362,335617,Rochester,Monroe,WRO,"(43.253, -77.6668)"
390,Livingston County Center for Nursing and Rehabilitation,Livingston County Center for Nursing and Rehabilitation,2522300,335562,Mt Morris,Livingston,WRO,"(42.7292, -77.8808)"
398,Oneida Healthcare,Oneida Health Rehabilitation and Extended Care,2601001,335427,Oneida,Madison,CNYRO,"(43.0787, -75.6546)"
488,Capstone Center for Rehabilitation and Nursing,Capstone Center for Rehabilitation and Nursing,2850300,335543,Amsterdam,Montgomery,CDRO,"(42.9144, -74.1043)"
606,Masonic Care Community of New York,Masonic Care Community of New York,3202308,335541,Utica,Oneida,CNYRO,"(43.0891, -75.1894)"
440,Monroe Community Hospital,Monroe Community Hospital,2701006,335197,Rochester,Monroe,WRO,"(43.1123, -77.6162)"
580,Niagara Rehabilitation and Nursing Center,Niagara Rehabilitation and Nursing Center,3102311,335742,Niagara Falls,Niagara,WRO,"(43.0967, -79.0521)"
476,St Anns Community,St Anns Community_Rochester,2757300,335081,Rochester,Monroe,WRO,"(43.1935, -77.5844)"
582,Degraff Memorial Hospital-Skilled Nursing Facility,Degraff Memorial Hospital-Skilled Nursing Facility,3103000,335669,North Tonawanda,Niagara,WRO,"(43.0262, -78.8625)"
459,Fairport Baptist Homes,Fairport Baptist Homes,2725300,335576,Fairport,Monroe,WRO,"(43.1099, -77.4417)"
392,Conesus Lake Nursing Home,Conesus Lake Nursing Home,2525301,335069,Livonia,Livingston,WRO,"(42.8261, -77.6863)"
437,"The Shore Winds, LLC","The Shore Winds, LLC",2701359,335082,Rochester,Monroe,WRO,"(43.2624, -77.6147)"
608,The Pines at Utica Center for Nursing & Rehabilitation,The Pines at Utica Center for Nursing & Rehabilitation,3202315,335374,Utica,Oneida,CNYRO,"(43.0866, -75.2547)"
517,"Rockville Skilled Nursing & Rehabilitation Center, LLC","Rockville Skilled Nursing & Rehabilitation Center, LLC",2909304,335747,Rockville Centre,Nassau,MARO,"(40.6639, -73.6503)"
381,Carthage Center for Rehabilitaiton and Nursing,Carthage Center for Rehabilitaiton and Nursing,2238304,335579,Carthage,Jefferson,CNYRO,"(43.9868, -75.592)"
492,Emerge Nursing and Rehabilitation at Glen Cove,Emerge Nursing and Rehabilitation at Glen Cove,2901304,335141,Glen Cove,Nassau,MARO,"(40.8747, -73.623)"
593,The Grand Rehabilitation and Nursing at Rome,The Grand Rehabilitation and Nursing at Rome,3201310,335589,Rome,Oneida,CNYRO,"(43.2203, -75.4503)"
681,M.M. Ewing Continuing Care Center,M.M. Ewing Continuing Care Center,3429300,335345,Canandaigua,Ontario,WRO,"(42.875, -77.2898)"
538,Garden Care Center,Garden Care Center,2950316,335817,Franklin Square,Nassau,MARO,"(40.7047, -73.6771)"
496,Beach Terrace Care Center,Beach Terrace Care Center,2902303,335024,Long Beach,Nassau,MARO,"(40.5844, -73.6828)"
368,Samaritan Keep Nursing Home Inc,Samaritan Keep Nursing Home Inc,2201000,335431,Watertown,Jefferson,CNYRO,"(43.9644, -75.9142)"
481,Crest Manor Living and Rehabilitation Center,Crest Manor Living and Rehabilitation Center,2762301,335467,Fairport,Monroe,WRO,"(43.0691, -77.4412)"
568,Briody Health Care Facility,Lockport Rehab & Health Care Center,3101300,335573,Lockport,Niagara,WRO,"(43.1535, -78.6717)"
387,"Avon Nursing Home, LLC","Avon Nursing Home, LLC",2520301,335216,Avon,Livingston,WRO,"(42.9077, -77.7383)"
434,Baird Nursing Home LLC,The Brook at High Falls Nursing Home and Rehabilitation Center,2701357,335825,Rochester,Monroe,WRO,"(43.1957, -77.6178)"
520,Lynbrook Restorative Therapy and Nursing,Lynbrook Restorative Therapy and Nursing,2911303,335160,Lynbrook,Nassau,MARO,"(40.6499, -73.6673)"
469,"Lakeside - Beikirch Care Center, Inc",Elderwood of Lakeside at Brockport,2752301,335569,Brockport,Monroe,WRO,"(43.2201, -77.9455)"
547,Highfield Gardens Care Center of Great Neck,Highfield Gardens Care Center of Great Neck,2951306,335250,Great Neck,Nassau,MARO,"(40.7859, -73.7051)"
604,Katherine Luther Residential Health Care and Rehabilitation Center,Katherine Luther Residential Health Care and Rehabilitation Center,3225303,335006,Clinton,Oneida,CNYRO,"(43.0575, -75.3636)"
457,Wedgewood Nursing Home,Wedgewood Nursing and Rehabilitation Center,2722301,335408,Spencerport,Monroe,WRO,"(43.1926, -77.8021)"
559,"Excel at Woodbury for Rehabilitation and Nursing, LLC","Excel at Woodbury for Rehabilitation and Nursing, LLC",2952303,335231,Woodbury,Nassau,MARO,"(40.8186, -73.458)"
364,Alpine Rehabilitation and Nursing Center,Alpine Rehabilitation and Nursing Center,2129303,335586,Little Falls,Herkimer,CNYRO,"(43.0532, -74.8516)"
800,St Josephs Home,St Josephs Home,4401300,335087,Ogdensburg,Saint Lawrence,CNYRO,"(44.7003, -75.4666)"
557,"Parkview Care and Rehabilitation Center, Inc.","Parkview Care and Rehabilitation Center, Inc.",2952301,335074,Massapequa,Nassau,MARO,"(40.6679, -73.4386)"
449,Wesley Gardens Corporation,Wesley Gardens Corporation,2701352,335488,Rochester,Monroe,WRO,"(43.1542, -77.5865)"
732,Pontiac Nursing Home,,3702313,335590,Oswego,Oswego,CNYRO,"(43.4448, -76.4938)"
651,Houghton Rehabilitation & Nursing Center,Houghton Rehabilitation & Nursing Center,226302,335641,Houghton,Allegany,WRO,"(42.4263, -78.1629)"
949,Brookside Multicare Nursing Center,Brookside Multicare Nursing Center,5157318,335175,Smithtown,Suffolk,MARO,"(40.8596, -73.2134)"
1126,Andrus On Hudson,Andrus On Hudson,5926300,335795,Hastings-On-Hudson,Westchester,MARO,"(40.9842, -73.8796)"
1029,Wayne Health Care,Wayne Health Care,5820000,335403,Newark,Wayne,WRO,"(43.0623, -77.1097)"
973,Elderwood at Waverly,Elderwood at Waverly,5320302,335346,Waverly,Tioga,CNYRO,"(42.0122, -76.5276)"
1034,Wayne County Nursing Home,Wayne County Nursing Home,5823302,335406,Lyons,Wayne,WRO,"(43.0642, -77.0288)"
1258,Fordham Nursing and Rehabilitation Center,Fordham Nursing and Rehabilitation Center,7000395,335659,Bronx,Bronx,MARO,"(40.8703, -73.9049)"
1216,"Providence Rest, Inc.","Providence Rest, Inc.",7000306,335583,Bronx,Bronx,MARO,"(40.8375, -73.8175)"
1032,Gowanda Rehabilitation and Nursing Center,Gowanda Rehabilitation & Nursing Center,427302,335642,Gowanda,Cattaraugus,WRO,"(42.4556, -78.9259)"
1068,The Wartburg Home,The Wartburg Home,5903309,335269,Mount Vernon,Westchester,MARO,"(40.9197, -73.8139)"
1248,Laconia Nursing Home,Laconia Nursing Home,7000370,335388,Bronx,Bronx,MARO,"(40.8881, -73.8485)"
1077,United Hebrew Geriatric Center,United Hebrew Geriatric Center,5904309,335621,New Rochelle,Westchester,MARO,"(40.8969, -73.7785)"
1254,Palisade Nursing Home Company Inc,,7000347,335629,Bronx,Bronx,MARO,"(40.9092, -73.9083)"
1726,"West Lawrence Care Center, LLC","West Lawrence Care Center, LLC",7003403,335737,Far Rockaway,Queens,MARO,"(40.5954, -73.7484)"
1704,Midway Nursing Home,Midway Nursing Home,7003340,335472,Maspeth,Queens,MARO,"(40.7263, -73.8907)"
1698,Park Terrace Care Center,Park Terrace Care Center,7003374,335317,Rego Park,Queens,MARO,"(40.7388, -73.8493)"
1370,The Riverside,The Riverside,7002360,335334,New York,New York,MARO,"(40.7906, -73.9798)"
1316,Rutland Nursing Home Co Inc,"Rutland Nursing Home, Inc.",7001033,335537,Brooklyn,Kings,MARO,"(40.6594, -73.934)"
1711,Highland Care Center,Highland Care Center,7003363,335505,Jamaica,Queens,MARO,"(40.7085, -73.7858)"
1731,Horizon Care Center,Horizon Care Center,7003389,335738,Arverne,Queens,MARO,"(40.5929, -73.7936)"
1666,Rockaway Care Center,Rockaway Care Center,7003362,335571,Edgemere,Queens,MARO,"(40.5949, -73.7791)"
941,"Riverhead Care Center, LLC",Acadia Center for Nursing and Rehabilitation,5155301,335254,Riverhead,Suffolk,MARO,"(40.9307, -72.6841)"
674,Living Center at Geneva - South,Living Center at Geneva - South,3402302,335098,Geneva,Ontario,WRO,"(42.8757, -76.9874)"
810,United Helpers Canton Nursing Home,United Helpers Canton Nursing Home,4420301,335566,Canton,Saint Lawrence,CNYRO,"(44.6128, -75.1616)"
934,Momentum at South Bay for Rehabilitation and Nursing,Momentum at South Bay for Rehabilitation and Nursing,5154324,335401,East Islip,Suffolk,MARO,"(40.7346, -73.1746)"
624,Eastern Star Home & Infirmary,Trustees of the Eastern Star Hall and Home of the State of New York,3239300,335497,Oriskany,Oneida,CNYRO,"(43.1648, -75.3395)"
754,Putnam Nursing & Rehabilitation Center,Putnam Nursing & Rehabilitation Center,3951302,335229,Holmes,Putnam,MARO,"(41.4966, -73.6633)"
786,Nyack Manor Nursing Home,Nyack Ridge Rehabilitation and Nursing Center,4350302,335365,Valley Cottage,Rockland,MARO,"(41.1172, -73.9401)"
953,Mills Pond Nursing and Rehabilitation Center,Luxor Nursing and Rehabilitation at Mills Pond,5157316,335739,St James,Suffolk,MARO,"(40.879, -73.1418)"
843,"Baptist Health Nursing and Rehabilitation Center, Inc",Baptist Health Nursing and Rehabilitation Center,4620300,335612,Scotia,Schenectady,CDRO,"(42.8363, -73.9544)"
892,San Simeon By the Sound Center for Nursing&Rehabilitation,San Simeon By the Sound Center for Nursing&Rehabilitation,5127302,335274,Greenport,Suffolk,MARO,"(41.1003, -72.3889)"
912,Quantum Rehabilitation and Nursing LLC,Quantum Rehabilitation and Nursing LLC,5151324,335719,Middle Island,Suffolk,MARO,"(40.8918, -72.9679)"
691,Highland Rehabilitation and Nursing Center,Highland Rehabilitation and Nursing Center,3501305,335526,Middletown,Orange,MARO,"(41.4537, -74.4187)"
931,Sunrise Manor Center for Nursing and Rehabilitation,Sunrise Manor Center for Nursing and Rehabilitation,5154312,335568,Bay Shore,Suffolk,MARO,"(40.7402, -73.2392)"
655,St Camillus Residential Health Care Facility,St Camillus Residential Health Care Facility,3301321,335283,Syracuse,Onondaga,CNYRO,"(43.0354, -76.2082)"
657,"The Cottages at Garden Grove, a Skilled Nursing Community","The Cottages at Garden Grove, a Skilled Nursing Community",3301323,335340,Cicero,Onondaga,CNYRO,"(43.0437, -76.1367)"
761,Van Rensselaer Manor,Van Rensselaer Manor,4102307,335265,Troy,Rensselaer,CDRO,"(42.6885, -73.6822)"
846,Glendale Home-Schdy Cnty Dept Social Services,Glendale Home-Schdy Cnty Dept Social Services,4651300,335252,Scotia,Schenectady,CDRO,"(42.8737, -73.9082)"
683,Ontario County Health Facility,Ontario Center for Rehabilitation and Healthcare,3429302,335564,Canandaigua,Ontario,WRO,"(42.8846, -77.2118)"
970,Roscoe Rehabilitation and Nursing Center,Roscoe Rehabilitation and Nursing Center,5262301,335316,Roscoe,Sullivan,MARO,"(41.9623, -74.9079)"
962,Achieve Rehab and Nursing Facility,Achieve Rehab and Nursing Facility,5220303,335449,Liberty,Sullivan,MARO,"(41.7949, -74.7514)"
839,The Capital Living Nursing and Rehabilitation Centre,Schenectady Center for Rehabilitation and Nursing,4601306,335014,Schenectady,Schenectady,CDRO,"(42.7925, -73.933)"
650,Van Duyn Center for Rehabilitation and Nursing,Van Duyn Center for Rehabilitation and Nursing,3301328,335184,Syracuse,Onondaga,CNYRO,"(43.0055, -76.1665)"
963,Sullivan County Adult Care Center,Sullivan County Adult Care Center,5220301,335628,Liberty,Sullivan,MARO,"(41.7973, -74.7061)"
797,Northern Metropolitan Residential Health Care Facility Inc,Northern Metropolitan Residential Health Care Facility Inc,4353301,335380,Monsey,Rockland,MARO,"(41.116, -74.0669)"
881,Broadlawn Manor Nursing & Rehab Center,Massapequa Center Rehabilitation & Nursing,5120301,335213,Amityville,Suffolk,MARO,"(40.6841, -73.4227)"
863,"Seneca Nursing & Rehabilitation Center, LLC","Seneca Nursing & Rehabilitation Center, LLC",4921303,335400,Waterloo,Seneca,WRO,"(42.9064, -76.8467)"
664,Sunnyside Care Center,Sunnyside Care Center,3321301,335409,East Syracuse,Onondaga,CNYRO,"(43.1091, -76.0379)"
935,Our Lady of Consolation Nursing and Rehabilitative Care Center,Our Lady of Consolation Nursing and Rehabilitative Care Center,5154319,335539,West Islip,Suffolk,MARO,"(40.6909, -73.2925)"
780,The Willows at Ramapo Rehabilitation and Nursing Center,The Willows at Ramapo Rehabilitation and Nursing Center,4329301,335148,Suffern,Rockland,MARO,"(41.1023, -74.1264)"
802,RiverLedge Health Care and Rehabilitation Center,United Helpers Nursing Home,4401302,335454,Ogdensburg,Saint Lawrence,CNYRO,"(44.6811, -75.517)"
743,Chestnut Park Rehabilitation and Nursing Center,Chestnut Park Rehabilitation and Nursing Center,3801303,335243,Oneonta,Otsego,CDRO,"(42.4529, -75.0855)"
840,Catskill Regional Medical Center,Catskill Regional Medical Center,5263000,335639,Harris,Sullivan,MARO,"(41.718, -74.7278)"
784,Northern Manor Geriatric Center Inc,Northern Manor Geriatric Center Inc,4350304,335046,Nanuet,Rockland,MARO,"(41.1118, -74.0109)"
721,Orchard Manor Rehabilitation and Nursing Center,Orchard Rehabilitation & Nursing Center,3622303,335397,Medina,Orleans,WRO,"(43.2131, -78.3701)"
805,Highland Nursing Home Inc,Highland Nursing Home Inc,4402300,335619,Massena,Saint Lawrence,CNYRO,"(44.9473, -74.8551)"
899,Waters Edge Rehab & Nursing Center at Port Jefferson,Waters Edge Rehab & Nursing Center at Port Jefferson,5149304,335410,Port Jefferson,Suffolk,MARO,"(40.9348, -73.0715)"
850,The Dutch Manor Nursing and Rehabilitation Center,,4654302,335354,Schenectady,Schenectady,,"(42.7886, -73.9298)"
910,"Oasis Rehabilitation and Nursing, LLC","Oasis Rehabilitation and Nursing, LLC",5151320,335402,Center Moriches,Suffolk,MARO,"(40.8087, -72.7776)"
778,Pine Valley Center for Rehabilitation and Nursing,Pine Valley Center for Rehabilitation and Nursing,4353303,335285,Spring Valley,Rockland,MARO,"(41.1362, -74.0372)"
772,Diamond Hill Nursing and Rehabilitation Center,Diamond Hill Nursing and Rehabilitation Center,4161304,335377,Troy,Rensselaer,CDRO,"(42.7936, -73.6635)"
909,Oak Hollow Nursing Center,Surge Rehabilitation and Nursing LLC,5151315,335390,Middle Island,Suffolk,MARO,"(40.8919, -72.9679)"
654,Central Park Rehabilitation and Nursing Center,Central Park Rehabilitation and Nursing Center,3301326,335253,Syracuse,Onondaga,CNYRO,"(43.0332, -76.1478)"
877,Berkshire Nursing & Rehabilitation  Center,Berkshire Nursing & Rehabilitation  Center,5101301,335083,W Babylon,Suffolk,MARO,"(40.7064, -73.3439)"
841,Kingsway Arms Nursing Center Inc,Kingsway Arms Nursing Center Inc,4601305,335466,Schenectady,Schenectady,CDRO,"(42.7764, -73.9114)"
735,St Luke Residential Health Care Facility Inc,St Luke Residential Health Care Facility Inc,3702309,335746,Oswego,Oswego,CNYRO,"(43.4449, -76.4939)"
875,Steuben Center for Rehabilitation and Healthcare,Steuben Center for Rehabilitation and Healthcare,5022302,335309,Bath,Steuben,WRO,"(42.3491, -77.2956)"
787,"Friedwald Center for Rehabilitation and Nursing, LLC","Friedwald Center for Rehabilitation and Nursing, LLC",4350305,335734,New City,Rockland,MARO,"(41.1494, -74.0314)"
908,Woodhaven Nursing Home,Woodhaven Nursing Home,5151323,335514,Port Jefferson Station,Suffolk,MARO,"(40.916, -73.0347)"
647,Jewish Home of Central New York,Jewish Home of Central New York,3301309,335190,Syracuse,Onondaga,CNYRO,"(43.037, -76.0758)"
907,John J Foley Skilled Nursing Facility,,5151304,335217,Yaphank,Suffolk,,"(40.8188, -72.9209)"
710,Montgomery Nursing and Rehabilitation Center,Montgomery Nursing and Rehabilitation Center,3561302,335396,Montgomery,Orange,MARO,"(41.5456, -74.2386)"
785,Tolstoy Foundation Rehabilitation and Nursing Center,Tolstoy Foundation Rehabilitation and Nursing Center,4350301,335311,Valley Cottage,Rockland,MARO,"(41.1244, -73.9321)"
888,Suffolk Center for Rehabilitation and Nursing,Suffolk Center for Rehabilitation and Nursing,5123305,335596,Patchogue,Suffolk,MARO,"(40.7687, -72.9957)"
813,Kinney Nursing Home,,4423000,335343,Gouverneur,Saint Lawrence,CNYRO,"(44.3384, -75.4737)"
984,Cayuga Nursing and Rehabilitation Center,Cayuga Nursing and Rehabilitation Center,5401311,335249,Ithaca,Tompkins,CNYRO,"(42.4626, -76.533)"
998,Golden Hill Nursing and Rehabilitation Center,Golden Hill Nursing and Rehabilitation Center,5501309,335451,Kingston,Ulster,MARO,"(41.9171, -74.0227)"
1224,Schervier Nursing Care Center,Schervier Nursing Care Center,7000315,335015,Bronx,Bronx,MARO,"(40.8831, -73.9173)"
1260,"Bay Park Center for Nursing and Rehabilitation, LLC",Pinnacle Multicare Nursing and Rehabilitation Center,7000389,335581,Bronx,Bronx,MARO,"(40.879, -73.8269)"
1090,Victoria Home,Victoria Home,5905305,335714,Ossining,Westchester,MARO,"(41.1642, -73.8654)"
1115,Tarrytown Hall Care Center,Tarrytown Hall Care Center,5911302,335421,Tarrytown,Westchester,MARO,"(41.0806, -73.8613)"
1253,"Concourse Rehabilitation and Nursing Center, Inc","Concourse Rehabilitation and Nursing Center, Inc",7000375,335493,Bronx,Bronx,MARO,"(40.8315, -73.9199)"
1218,Beth Abraham Center for Rehabilitation and Nursing,Beth Abraham Center for Rehabilitation and Nursing,7000308,335201,Bronx,Bronx,MARO,"(40.8653, -73.87)"
1232,Hudson Pointe at Riverdale Center for Nursing&Rehabilitation,Hudson Pointe at Riverdale Center for Nursing and Rehabilitation,7000388,335187,Bronx,Bronx,MARO,"(40.885, -73.9138)"
1241,Riverdale Nursing Home,Riverdale Nursing Home,7000357,335096,Bronx,Bronx,MARO,"(40.8822, -73.915)"
1128,Briarcliff Manor Center for Rehabilitation and Nursing Care,Briarcliff Manor Center for Rehabilitation and Nursing Care,5931301,335005,Briarcliff Manor,Westchester,MARO,"(41.124, -73.8356)"
1245,Pelham Parkway Nursing Care and Rehabilitation Facility LLC,Pelham Parkway Nursing Care and Rehabilitation Facility LLC,7000338,335486,Bronx,Bronx,MARO,"(40.8612, -73.856)"
1087,Cedar Manor Nursing & Rehabilitation Center,Cedar Manor Nursing & Rehabilitation Center,5905308,335185,Ossining,Westchester,MARO,"(41.1763, -73.8669)"
1003,Hudson Valley Rehabilitation & Extended Care Center,Hudson Valley Rehabilitation & Extended Care Center,5556302,335399,Highland,Ulster,MARO,"(41.7039, -73.9801)"
1009,The Stanton Nursing and Rehabilitation Centre,Glens Falls Center for Rehabilitation and Nursing,5601306,335306,Glens Falls,Warren,CDRO,"(43.3089, -73.6641)"
1001,New Paltz Center for Rehabilitation and Nursing,New Paltz Center for Rehabilitation and Nursing,5522304,335188,New Paltz,Ulster,MARO,"(41.728, -74.0992)"
1031,Newark Manor Nursing Home Inc,Newark Manor Nursing Home Inc,5820302,335219,Newark,Wayne,WRO,"(43.0623, -77.1001)"
1159,Soldiers and Sailors Memorial Hospital Extended Care Unit,Soldiers and Sailors Memorial Hospital Extended Care Unit,6120000,335289,Penn Yan,Yates,WRO,"(42.6707, -77.0598)"
1243,Split Rock Rehabilitation and Health Care Center,Split Rock Rehabilitation and Health Care Center,7000384,335321,Bronx,Bronx,MARO,"(40.8817, -73.839)"
1008,Westmount Health Facility,Warren Center for Rehabilitation and Nursing,5601302,335549,Queensbury,Warren,CDRO,"(43.3594, -73.706)"
1156,East Side Nursing Home,East Side Nursing Home,6027303,335511,Warsaw,Wyoming,WRO,"(42.739, -78.1287)"
1212,Hebrew Home for the Aged at Riverdale,Hebrew Home for the Aged at Riverdale,7000302,335020,Bronx,Bronx,MARO,"(40.9092, -73.9083)"
1257,Wayne Center for Nursing & Rehabilitation,Wayne Center for Nursing & Rehabilitation,7000350,335495,Bronx,Bronx,MARO,"(40.8812, -73.8774)"
1069,Westchester Center for Rehabilitation & Nursing,Westchester Center for Rehabilitation & Nursing,5903311,335459,Mount Vernon,Westchester,MARO,"(40.9124, -73.8263)"
1010,The Pines at Glens Falls Center for Nursing & Rehabilitation,The Pines at Glens Falls Center for Nursing & Rehabilitation,5601307,335325,Glens Falls,Warren,CDRO,"(43.3108, -73.6339)"
1227,Bainbridge Nursing & Rehabilitation Center,Bainbridge Nursing & Rehabilitation Center,7000319,335373,Bronx,Bronx,MARO,"(40.8816, -73.8782)"
1222,Jeanne Jugan Residence,Jeanne Jugan Residence,7000313,335605,Bronx,Bronx,MARO,"(40.8151, -73.8119)"
1109,Yonkers Gardens Center for Nursing and Rehabilitation,Yonkers Gardens Center for Nursing and Rehabilitation,5907319,335515,Yonkers,Westchester,MARO,"(40.9298, -73.9001)"
1244,University Center for Rehabilitation and Nursing,University Center for Rehabilitation and Nursing,7000337,335061,Bronx,Bronx,MARO,"(40.8648, -73.9019)"
1162,Penn Yan Manor Nursing Home Inc,Penn Yan Manor Nursing Home Inc,6120300,335494,Penn Yan,Yates,WRO,"(42.6714, -77.0628)"
1223,Rebekah Rehab and Extended Care Center,Rebekah Rehab and Extended Care Center,7000314,335557,Bronx,Bronx,MARO,"(40.8303, -73.8474)"
1103,Regency Extended Care Center,Regency Extended Care Center,5907315,335080,Yonkers,Westchester,MARO,"(40.9395, -73.8948)"
983,Beechtree Center for Rehabilitation and Nursing,Beechtree Center for Rehabilitation and Nursing,5401312,335017,Ithaca,Tompkins,CNYRO,"(42.4363, -76.5016)"
1144,Waterview Hills Rehabilitation and Nursing Center,Waterview Hills Rehabilitation and Nursing Center,5960303,335259,Purdys,Westchester,MARO,"(41.3289, -73.6568)"
1080,Sutton Park Center for Nursing and Rehabilitation,Sutton Park Center for Nursing and Rehabilitation,5904320,335350,New Rochelle,Westchester,MARO,"(40.9143, -73.7862)"
1221,Methodist Home for Nursing and Rehabilitation,Methodist Home for Nursing and Rehabilitation,7000311,335524,Bronx,Bronx,MARO,"(40.8895, -73.903)"
1249,Triboro Center for Rehabilitation and Nursing,Triboro Center for Rehabilitation and Nursing,7000398,335445,Bronx,Bronx,MARO,"(40.8314, -73.912)"
1059,Schnurmacher Center for Rehabilitation and Nursing,Martine Center for Rehabilitation and Nursing,5902314,335424,White Plains,Westchester,MARO,"(41.0236, -73.7761)"
1094,Port Chester Nursing & Rehab Centre,The Enclave at Rye Rehabilitation and Nursing Center,5906303,335312,Port Chester,Westchester,MARO,"(40.9936, -73.6774)"
1148,Somers Manor Rehabilitation & Nursing Center,The Paramount at Somers Rehabilitation and Nursing Center,5966300,335261,Somers,Westchester,MARO,"(41.3015, -73.7001)"
1233,Fieldston Lodge Care Center,Fieldston Lodge Care Center,7000385,335248,Bronx,Bronx,MARO,"(40.8805, -73.9188)"
1236,Mosholu Parkway Nursing & Rehabilitation Center,Mosholu Parkway Nursing & Rehabilitation Center,7000329,335030,Bronx,Bronx,MARO,"(40.8785, -73.8745)"
976,Riverview Manor Health Care Center,River View Rehabilitation and Nursing Care Center,5324302,335103,Owego,Tioga,CNYRO,"(42.1063, -76.2495)"
1238,Park Gardens Rehabilitation & Nursing Center LLC,Park Gardens Rehabilitation & Nursing Center LLC,7000382,335287,Riverdale,Bronx,MARO,"(40.9079, -73.8966)"
1246,Bronx Park Rehabilitation & Nursing Center,Bronx Park Rehabilitation & Nursing Center,7000380,335358,Bronx,Bronx,MARO,"(40.8858, -73.865)"
1022,Granville Center for Rehabilitation and Nursing,Granville Center for Rehabilitation and Nursing,5725306,335331,Granville,Washington,CDRO,"(43.4045, -73.271)"
1255,Bethany Nursing Home & Health Related Facility Inc,Bethany Nursing Home & Health Related Facility Inc,722301,335645,Horseheads,Chemung,WRO,"(42.1835, -76.8327)"
1038,Blossom View Nursing Home,Sodus Rehabilitation & Nursing Center,5828301,335378,Sodus,Wayne,WRO,"(43.2487, -77.0625)"
1078,Glen Island Center for Nursing and Rehabilitation,Glen Island Center for Nursing and Rehabilitation,5904318,335611,New Rochelle,Westchester,MARO,"(40.8952, -73.7815)"
1106,Sans Souci Rehabilitation and Nursing Center,Sans Souci Rehabilitation and Nursing Center,5907317,335398,Yonkers,Westchester,MARO,"(40.9442, -73.8912)"
1226,Gold Crest Care Center,Gold Crest Care Center,7000376,335079,Bronx,Bronx,MARO,"(40.8591, -73.8334)"
1251,Bronx Center for Rehabilitation & Health Care,Bronx Center for Rehabilitation & Health Care,7000381,335506,Bronx,Bronx,MARO,"(40.8265, -73.8612)"
1154,Wyoming County Community Hospital SNF,Wyoming County Community Hospital SNF,6027000,335034,Warsaw,Wyoming,WRO,"(42.7535, -78.1325)"
1042,The Emerald Peek Rehabilitation and Nursing Center,The Emerald Peek Rehabilitation and Nursing Center,5901308,335003,Peekskill,Westchester,MARO,"(41.2966, -73.8913)"
1235,Morris Park Nursing Home,Morris Park Rehabilitation and Nursing Center,7000328,335347,Bronx,Bronx,MARO,"(40.8586, -73.8518)"
1234,Kingsbridge Heights Rehabilitation and Care Center,The Citadel Rehab and Nursing Center at Kingsbridge,7000374,335028,Bronx,Bronx,MARO,"(40.88, -73.8979)"
1250,Kings Harbor Multicare Center,Kings Harbor Multicare Center,7000372,335644,Bronx,Bronx,MARO,"(40.8599, -73.8297)"
1231,Eastchester Rehabilitation and Health Care Center,Eastchester Rehabilitation and Health Care Center,7000383,335214,Bronx,Bronx,MARO,"(40.8659, -73.8433)"
1053,TLC Health Network Lake Shore Hosp Nursing Facility,,663302,335745,Irving,Chautauqua,WRO,"(42.5594, -79.127)"
1364,King David Center for Nursing and Rehabilitation,King David Center for Nursing and Rehabilitation,7001803,335545,Brooklyn,Kings,MARO,"(40.596, -73.9974)"
1705,Dry Harbor Nursing Home,Dry Harbor Nursing Home,7003359,335416,Middle Village,Queens,MARO,"(40.7269, -73.8717)"
1367,Nostrand Center for Nursing and Rehabilitation,,7001307,335550,Brooklyn,Kings,MARO,"(40.6901, -73.9516)"
1736,Beacon Rehabilitation and Nursing Center,Beacon Rehabilitation and Nursing Center,7003401,335726,Rockaway Park,Queens,MARO,"(40.5794, -73.8339)"
1408,Downtown Brooklyn Nursing & Rehabilitation Center,Downtown Brooklyn Nursing & Rehabilitation Center,7001809,335625,Brooklyn,Kings,MARO,"(40.6756, -73.9592)"
1430,Atrium Center for Rehabilitation and Nursing,Atrium Center for Rehabilitation and Nursing,7001378,335720,Brooklyn,Kings,MARO,"(40.6494, -73.8981)"
1409,Bedford Center for Nursing and Rehabilitation,Bedford Center for Nursing and Rehabilitation,7001805,335626,Brooklyn,Kings,MARO,"(40.7003, -73.9582)"
1712,Holliswood Center for Rehabilitation and Healthcare,Holliswood Center for Rehabilitation and Healthcare,7003409,335503,Hollis,Queens,MARO,"(40.7121, -73.7644)"
1676,Cliffside Rehabilitation & Residential Health Care Center,Cliffside Rehabilitation & Residential Health Care Center,7003380,335349,Flushing,Queens,MARO,"(40.7752, -73.8476)"
1699,Windsor Park Nursing Home,Windsor Park Nursing Home,7003357,335155,Queens Village,Queens,MARO,"(40.7251, -73.7531)"
1703,Brookhaven Rehabilitation & Health Care Center LLC,Brookhaven Rehabilitation & Health Care Center LLC,7003399,335582,Far Rockaway,Queens,MARO,"(40.5965, -73.7511)"
1373,Shorefront Jewish Geriatric Center,Seagate Rehabilitation and Nursing Center,7001376,335513,Brooklyn,Kings,MARO,"(40.5734, -73.9949)"
1368,Brooklyn United Methodist Church Home,Brooklyn United Methodist Church Home,7001308,335604,Brooklyn,Kings,MARO,"(40.671, -73.8625)"
1381,"Cobble Hill Health Center, Inc","Cobble Hill Health Center, Inc",7001323,335174,Brooklyn,Kings,MARO,"(40.6883, -73.9975)"
1670,Ozanam Hall of Queens Nursing Home Inc,Ozanam Hall of Queens Nursing Home Inc,7003306,335363,Bayside,Queens,MARO,"(40.7587, -73.7826)"
1380,"Caton Park Rehabilitation and Nursing Center, LLC","Caton Park Rehabilitation and Nursing Center, LLC",7001366,335245,Brooklyn,Kings,MARO,"(40.6496, -73.9677)"
1700,"Woodcrest Rehabilitation & Residential Health Care Center., LLC","Woodcrest Rehabilitation & Residential Health Care Center., LLC",7003336,335266,College Point,Queens,MARO,"(40.7746, -73.8483)"
1571,Mary Manning Walsh Nursing Home Co Inc,Mary Manning Walsh Nursing Home Co Inc,7002305,335050,New York,New York,MARO,"(40.7665, -73.9541)"
1701,Little Neck Care Center,Little Neck Care Center,7003408,335434,Little Neck,Queens,MARO,"(40.7659, -73.7243)"
1398,Sheepshead Nursing & Rehabilitation Center,Sheepshead Nursing & Rehabilitation Center,7001362,335677,Brooklyn,Kings,MARO,"(40.5854, -73.9314)"
1400,Spring Creek Rehabilitation & Nursing Care Center,Spring Creek Rehabilitation & Nursing Care Center,7001384,335125,Brooklyn,Kings,MARO,"(40.6453, -73.8834)"
1372,"Lutheran Augustana Center for Extended Care & Rehabilitation, Inc",,7001313,335521,,,MARO,"(40.6467, -74.0195)"
1379,"New Carlton Rehab and Nursing Center, LLC","New Carlton Rehab and Nursing Center, LLC",7001386,335131,Brooklyn,Kings,MARO,"(40.6854, -73.9712)"
1669,Margaret Tietz Center for Nursing Care Inc,Margaret Tietz Nursing and Rehabilitation Center,7003305,335336,Jamaica,Queens,MARO,"(40.7141, -73.8016)"
1714,Hillside Manor Rehab & Extended Care Center,Hillside Manor Rehab & Extended Care Center,7003350,335531,Jamaica Estates,Queens,MARO,"(40.7136, -73.7801)"
1672,Peninsula Nursing and Rehabilitation Center,Peninsula Nursing and Rehabilitation Center,7003411,335387,Far Rockaway,Queens,MARO,"(40.5953, -73.7811)"
1715,Chapin Home for the Aging,Chapin Home for the Aging,7003351,335631,Jamaica,Queens,MARO,"(40.7143, -73.8012)"
1403,Boro Park Center for Rehabilitation and Healthcare,Boro Park Center for Rehabilitation and Healthcare,7001394,335470,Brooklyn,Kings,MARO,"(40.6389, -73.9987)"
1604,"Harlem Center for Nursing and Rehabilitation, LLC",Harlem Center for Nursing and Rehabilitation,7002341,335522,New York,New York,MARO,"(40.815, -73.9372)"
1401,Sea Crest Nursing and Rehabilitation Center,Sea Crest Nursing and Rehabilitation Center,7001806,335411,Brooklyn,Kings,MARO,"(40.5722, -73.9904)"
1687,Meadow Park Rehabilitation and Health Care Center LLC,Meadow Park Rehabilitation and Health Care Center LLC,7003398,335143,Flushing,Queens,MARO,"(40.7226, -73.8048)"
1702,Queens Nassau Rehabilitation and Nursing Center,Queens Nassau Rehabilitation and Nursing Center,7003361,335448,Far Rockaway,Queens,MARO,"(40.6, -73.7522)"
1671,Parker Jewish Institute for Health Care & Rehab,Parker Jewish Institute for Health Care & Rehab,7003307,335132,New Hyde Park,Queens,MARO,"(40.754, -73.7062)"
1680,Flushing Manor Nursing Home,"Sapphire Center for Rehabilitation and Nursing of Central Queens, LLC",7003407,335133,Flushing,Queens,MARO,"(40.7656, -73.8236)"
1606,New Gouverneur Hospital SNF,New Gouverneur Hospital SNF,7002343,335461,New York,New York,MARO,"(40.7129, -73.9877)"
1406,Bensonhurst Center for Rehabilitation and Healthcare,Bensonhurst Center for Rehabilitation and Healthcare,7001396,335558,Brooklyn,Kings,MARO,"(40.6094, -74.0024)"
1678,Fairview Nursing Care Center Inc,Fairview Nursing Care Center Inc,7003375,335146,Forest Hills,Queens,MARO,"(40.7248, -73.8381)"
1585,Fort Tryon Center for Rehabilitation and Nursing,Fort Tryon Center for Rehabilitation and Nursing,7002359,335257,New York,New York,MARO,"(40.857, -73.9349)"
1708,Franklin Center for Rehabilitation and Nursing,Franklin Center for Rehabilitation and Nursing,7003402,335426,Flushing,Queens,MARO,"(40.7568, -73.8228)"
1569,Isabella Geriatric Center Inc,Isabella Geriatric Center Inc,7002352,335100,New York,New York,MARO,"(40.8548, -73.9278)"
1658,"Absolut Center for Nursing and Rehabilitation at Three Rivers, L","Absolut Center for Nursing and Rehabilitation at Three Rivers, LLC",5026301,335652,Painted Post,Steuben,WRO,"(42.1448, -77.1215)"
1690,Promenade Rehabilitation and Health Care Center,Promenade Rehabilitation and Health Care Center,7003386,335292,Rockaway Park,Queens,MARO,"(40.5792, -73.8347)"
1677,Waterview Nursing Care Center,Waterview Nursing Care Center,7003367,335154,Flushing,Queens,MARO,"(40.7739, -73.8473)"
1405,The Phoenix Rehabilitation and Nursing Center,The Phoenix Rehabilitation and Nursing Center,7001802,335516,Brooklyn,Kings,MARO,"(40.695, -73.978)"
1582,Upper East Side Rehabilitation and Nursing Center,Upper East Side Rehabilitation and Nursing Center,7002347,335232,New York,New York,MARO,"(40.7741, -73.9568)"
1369,"NY Congregational Nursing Center, Inc","NY Congregational Nursing Center, Inc",7001309,335560,Brooklyn,Kings,MARO,"(40.6525, -73.9538)"
1392,Palm Gardens Center for Nursing and Rehabilitation,Palm Gardens Center for Nursing and Rehabilitation,7001391,335328,Brooklyn,Kings,MARO,"(40.6411, -73.9728)"
1685,Long Island Care Center Inc,Long Island Care Center Inc,7003377,335294,Flushing,Queens,MARO,"(40.7634, -73.8205)"
1603,"The New Jewish Home, Manhattan","The New Jewish Home, Manhattan",7002340,335491,New York,New York,MARO,"(40.7996, -73.9638)"
1407,Crown Heights Center for Nursing and Rehabilitation,Crown Heights Center for Nursing and Rehabilitation,7001353,335609,Brooklyn,Kings,MARO,"(40.6749, -73.9457)"
1710,Jamaica Hospital Nursing Home Co Inc,Jamaica Hospital Nursing Home Co Inc,7003346,335436,Jamaica,Queens,MARO,"(40.7003, -73.8168)"
1395,Brooklyn Center for Rehabilitation and Residential Health Care,Brooklyn Center for Rehabilitation and Residential Health Care,7001388,335178,Brooklyn,Kings,MARO,"(40.6221, -73.9645)"
1393,The Heritage Rehabilitation and Health Care Center,The Heritage Rehabilitation and Health Care Center,7001392,335104,Brooklyn,Kings,MARO,"(40.6284, -73.9919)"
1694,Resort Nursing Home,Resort Nursing Home,7003330,335199,Arverne,Queens,MARO,"(40.5937, -73.7971)"
1693,Rego Park Nursing Home,Rego Park Nursing Home,7003392,335379,Flushing,Queens,MARO,"(40.7404, -73.8495)"
1361,Haym Solomon Home for the Aged,Haym Solomon Home for the Aged,7001369,335656,Brooklyn,Kings,MARO,"(40.5949, -73.996)"
1709,Cypress Garden Center for Nursing and Rehabilitation,Cypress Garden Center for Nursing and Rehabilitation,7003413,335446,Flushing,Queens,MARO,"(40.7656, -73.8257)"
1682,Forest View Center for Rehabilitation & Nursing,Forest View Center for Rehabilitation & Nursing,7003387,335310,Forest Hills,Queens,MARO,"(40.7217, -73.8413)"
1688,"Oceanview Nursing & Rehabilitation Center, LLC","Oceanview Nursing & Rehabilitation Center, LLC",7003354,335168,Far Rockaway,Queens,MARO,"(40.598, -73.7446)"
1599,VillageCare Rehabilitation and Nursing Center,,7002335,335027,New York,New York,MARO,"(40.7286, -74.0045)"
1579,Cabrini Center for Nursing and Rehabilitation,,7002350,,,,,"(40.724, -73.9825)"
4555,Iroquois Nursing Home Inc,Iroquois Nursing Home Inc,3353300,335764,Jamesville,Onondaga,CNYRO,"(42.9956, -76.12)"
4501,BronxCare Special Care Center,BronxCare Special Care Center,7000364,335753,Bronx,Bronx,MARO,"(40.8317, -73.9039)"
2539,Menorah Home & Hospital for Aged & Infirm,Menorah Home & Hospital for Aged & Infirm,7001372,335653,Brooklyn,Kings,MARO,"(40.5783, -73.9392)"
3433,Smithtown Center for Rehabilitation & Nursing Care,Smithtown Center for Rehabilitation & Nursing Care,5157314,335756,Smithtown,Suffolk,MARO,"(40.8726, -73.1712)"
1749,"Sea View Hospital, Rehabilitation Center and Home","Sea View Hospital, Rehabilitation Center and Home",7004304,335108,Staten Island,Richmond,MARO,"(40.5939, -74.1353)"
4494,Crouse Community Center Inc,Crouse Community Center Inc,2623300,335068,Morrisville,Madison,CNYRO,"(42.8939, -75.6385)"
3948,Caring Family Nursing and Rehabilitation Center,Caring Family Nursing and Rehabilitation Center,7003373,335165,Far Rockaway,Queens,MARO,"(40.6011, -73.7565)"
3182,Highpointe on Michigan Health Care Facility,Highpointe on Michigan Health Care Facility,1401001,335834,Buffalo,Erie,WRO,"(42.9009, -78.8627)"
3230,Nesconset Center for Nursing and Rehabilitation,The Hamlet Rehabilitation and Healthcare Center at Nesconset,5157315,335674,Nesconset,Suffolk,MARO,"(40.8495, -73.1587)"
3374,Jewish Home of Rochester,Jewish Home of Rochester,2750304,335105,Rochester,Monroe,WRO,"(43.1046, -77.5776)"
3909,"Absolut Center for Nursing and Rehabilitation at Dunkirk, LLC",Dunkirk Rehabilitation & Nursing Center,601303,335595,Dunkirk,Chautauqua,WRO,"(42.4844, -79.3528)"
4089,North Shore-LIJ Stern Family Center for Rehabilitation,Northwell Health Stern Family Center for Rehabilitation,2951305,335702,Manhasset,Nassau,MARO,"(40.7738, -73.7)"
4285,Hamilton Park Nursing and Rehabilitation Center,Hamilton Park Nursing and Rehabilitation Center,7001034,335710,Brooklyn,Kings,MARO,"(40.6152, -74.0238)"
2575,Dumont Center for Rehabilitation and Nursing Care,Dumont Center for Rehabilitation and Nursing Care,5904321,335271,New Rochelle,Westchester,MARO,"(40.8905, -73.7872)"
4418,Saints Joachim & Anne Nursing and Rehabilitation Center,Saints Joachim & Anne Nursing and Rehabilitation Center,7001371,335748,Brooklyn,Kings,MARO,"(40.573, -73.993)"
1754,Verrazano Nursing Home,Verrazano Nursing Home,7004320,335273,Staten Island,Richmond,MARO,"(40.6343, -74.0876)"
1756,Staten Island Care Center,Staten Island Care Center,7004314,335561,Staten Island,Richmond,MARO,"(40.64, -74.0943)"
4772,Rosa Coplon Jewish Home and Infirmary,Rosa Coplon Jewish Home and Infirmary,1451304,335176,Getzville,Erie,WRO,"(43.0155, -78.7861)"
3227,Four Seasons Nursing and Rehabilitation Center,Four Seasons Nursing and Rehabilitation Center,7001808,335673,Brooklyn,Kings,MARO,"(40.6428, -73.8996)"
1752,"New Vanderbilt Rehabilitation and Care Center, Inc","New Vanderbilt Rehabilitation and Care Center, Inc",7004316,335372,Staten Island,Richmond,MARO,"(40.6206, -74.0763)"
2574,Heritage Green Nursing Home,Heritage Green Rehab & Skilled Nursing,658301,335721,Greenhurst,Chautauqua,WRO,"(42.1194, -79.3105)"
4551,Whittier Rehabilitation & Skilled Nursing Center,Ghent Rehabilitation & Nursing Center,1059301,335766,Ghent,Columbia,CDRO,"(42.2848, -73.7032)"
2550,Groton Community Health Care Center Residential Care Facility,Groton Community Health Care Center Residential Care Facility,5401305,335658,Groton,Tompkins,CNYRO,"(42.5855, -76.3706)"
3243,Elderwood at Liverpool,Elderwood at Liverpool,3331300,335678,Liverpool,Onondaga,CNYRO,"(43.1228, -76.1814)"
4323,Syracuse Home Association,Syracuse Home Association,3327301,335713,Baldwinsville,Onondaga,CNYRO,"(43.1446, -76.3447)"
3012,Delaware Nursing & Rehabilitation Center,Buffalo Center for Rehabilitation and Nursing,1401328,335638,Buffalo,Erie,WRO,"(42.9118, -78.8703)"
3989,Gurwin Jewish Nursing and Rehabilitation Center,Gurwin Jewish Nursing and Rehabilitation Center,5153307,335696,Commack,Suffolk,MARO,"(40.8282, -73.2999)"
4755,Our Lady of Mercy Life Center,Our Lady of Mercy Life Center,155301,335767,Guilderland,Albany,CDRO,"(42.7012, -73.9048)"
1755,Carmel Richmond Healthcare and Rehabilitation Center,Carmel Richmond Healthcare and Rehabilitation Center,7004310,335455,Staten Island,Richmond,MARO,"(40.5962, -74.0906)"
3826,Peconic Bay Skilled Nursing Facility,Peconic Bay Skilled Nursing Facility,5155000,335688,Riverhead,Suffolk,MARO,"(40.9336, -72.6743)"
1750,"Clove Lakes Health Care and Rehabilitation Center, Inc","Clove Lakes Health Care and Rehabilitation Center, Inc",7004321,335239,Staten Island,Richmond,MARO,"(40.6084, -74.123)"
4710,Ten Broeck Commons,Ten Broeck Center for Rehabilitation & Nursing,5567301,335765,Lake Katrine,Ulster,MARO,"(41.9919, -73.9962)"
3089,Terence Cardinal Cooke Health Care Center,Terence Cardinal Cooke Health Care Center,7002345,335665,New York,New York,MARO,"(40.7942, -73.9511)"
3401,Beach Gardens Rehab and Nursing Center,Beach Gardens Rehab and Nursing Center,7003412,335682,Far Rockaway,Queens,MARO,"(40.599, -73.7517)"
3084,"Safire Rehabilitation of Southtowns, LLC","Safire Rehabilitation of Southtowns, LLC",1401342,335663,Buffalo,Erie,WRO,"(42.8321, -78.8104)"
3041,Good Samaritan Nursing Home,Good Samaritan Nursing and Rehabilitation Care Center,5154310,335636,Sayville,Suffolk,MARO,"(40.7256, -73.0795)"
4037,Bushwick Center for Rehabilitation and Health Care,Bushwick Center for Rehabilitation and Health Care,7001364,335703,Brooklyn,Kings,MARO,"(40.6763, -73.8981)"
3928,"Brookhaven Health Care Facility, LLC","Brookhaven Health Care Facility, LLC",5123304,335694,Patchogue,Suffolk,MARO,"(40.7819, -72.9723)"
3295,Elderwood at Hamburg,Elderwood at Hamburg,1430302,335679,Hamburg,Erie,WRO,"(42.7306, -78.834)"
4549,Eddy Heritage House Nursing and Rehabilitation Center,Eddy Heritage House Nursing and Rehabilitation Center,4102311,335760,Troy,Rensselaer,CDRO,"(42.7312, -73.663)"
3258,Hollis Park Manor Nursing Home,Hollis Park Manor Nursing Home,7003381,335333,Hollis,Queens,MARO,"(40.7159, -73.7709)"
3422,St Catherine of Siena Nursing and Rehabilitation Care Center,St Catherine of Siena Nursing and Rehabilitation Care Center,5157312,335821,Smithtown,Suffolk,MARO,"(40.8677, -73.2202)"
3170,Valley Health Services Inc,Valley Health Services Inc,2124301,335672,Herkimer,Herkimer,CNYRO,"(43.0256, -74.9984)"
3920,Rosewood Rehabilitation and Nursing Center,Rosewood Rehabilitation and Nursing Center,4101300,335693,Rensselaer,Rensselaer,CDRO,"(42.6434, -73.6985)"
3872,White Oaks Rehabilitation and Nursing Center,White Oaks Rehabilitation and Nursing Center,2952306,335690,Woodbury,Nassau,MARO,"(40.8191, -73.4563)"
3307,East Neck Nursing & Rehabilitation Center,East Neck Nursing & Rehabilitation Center,5150303,335681,West Babylon,Suffolk,MARO,"(40.6908, -73.3451)"
3242,James G. Johnston Memorial Nursing Home,James G. Johnston Memorial Nursing Home,303306,335675,Johnson City,Broome,CNYRO,"(42.1451, -75.9557)"
3423,Bellhaven Center for Rehabilitation and Nursing Care,Bellhaven Center for Rehabilitation and Nursing Care,5151321,335755,Brookhaven,Suffolk,MARO,"(40.7724, -72.9337)"
4092,Pathways Nursing and Rehabilitation Center,,4652302,335701,Niskayuna,Schenectady,CDRO,"(42.8293, -73.8973)"
1748,Eger Health Care and Rehabilitation Center,Eger Health Care and Rehabilitation Center,7004303,335332,Staten Island,Richmond,MARO,"(40.5796, -74.1315)"
3914,St. Josephs Place,St. Josephs Place,3535001,335692,Port Jervis,Orange,MARO,"(41.3679, -74.6825)"
3156,Bezalel Rehabilitation and Nursing Center,Bezalel Rehabilitation and Nursing Center,7003352,335666,Far Rockaway,Queens,MARO,"(40.5985, -73.7647)"
3293,James A Eddy Memorial Geriatric Center,Eddy Memorial Geriatric Center,4102309,335680,Troy,Rensselaer,CDRO,"(42.7349, -73.6709)"
3256,"Haven Manor Health Care Center,LLC","Haven Manor Health Care Center,LLC",7003378,335676,Far Rockaway,Queens,MARO,"(40.601, -73.75)"
1753,Silver Lake Specialized Rehabilitation and Care Center,Silver Lake Specialized Rehabilitation and Care Center,7004323,335196,Staten Island,Richmond,MARO,"(40.6334, -74.0922)"
3902,Mcauley Manor at Mercycare,Elderwood at Hornell,5002001,335691,N Hornell,Steuben,WRO,"(42.3463, -77.6604)"
3993,Manhattanville Health Care Center,Manhattanville Health Care Center,7000387,335695,Bronx,Bronx,MARO,"(40.881, -73.9085)"
3392,Unity Living Center,Unity Living Center,2701358,335620,Rochester,Monroe,WRO,"(43.149, -77.6361)"
4000,Eddy Village Green,Eddy Village Green,102001,335697,Cohoes,Albany,CDRO,"(42.7727, -73.7251)"
2974,"Leroy Village Green Residential Health Care Facility, Inc",LeRoy Village Green Nursing and Rehabilitation Center,1823300,335635,Leroy,Genesee,WRO,"(42.9711, -77.9945)"
4148,Ellis Residential & Rehabilitation Center,Ellis Residential & Rehabilitation Center,4601001,335705,Schenectady,Schenectady,CDRO,"(42.8051, -73.9176)"
4107,St Johnsville Rehabilitation and Nursing Center,St Johnsville Rehabilitation and Nursing Center,2828300,335704,St Johnsville,Montgomery,CDRO,"(42.999, -74.6868)"
4543,St Vincent Depaul Residence,St Vincent Depaul Residence,7000366,335763,Bronx,Bronx,MARO,"(40.8191, -73.8961)"
1739,Terrace View Long Term Care Facility,Terrace View Long Term Care Facility,1401005,335650,Buffalo,Erie,WRO,"(42.9272, -78.8292)"
3370,"Absolut Center for Nursing and Rehabilitation at Westfield, LLC","Absolut Center for Nursing and Rehabilitation at Westfield, LLC",675302,335683,Westfield,Chautauqua,WRO,"(42.3281, -79.5724)"
4066,North Shore-LIJ Orzac Center for Rehabilitation,North Shore-LIJ Orzac Center for Rehabilitation,2910300,335700,Valley Stream,Nassau,MARO,"(40.6818, -73.6858)"
5714,Finger Lakes Center for Living,Finger Lakes Center for Living,501000,335785,Auburn,Cayuga,CNYRO,"(42.9424, -76.565)"
5638,Westhampton Care Center,Westhampton Care Center,5158301,335782,Westhampton,Suffolk,MARO,"(40.8259, -72.678)"
9514,Vestal Park Rehabilitation and Nursing Center,Vestal Park Rehabilitation and Nursing Center,364302,335226,Vestal,Broome,CNYRO,"(42.0543, -76.0211)"
7665,Linden Center for Nursing and Rehabilitation,Linden Center for Nursing and Rehabilitation,7001397,335811,Brooklyn,Kings,MARO,"(40.6631, -73.8807)"
4799,Cortland Regional Nursing and Rehabilitation Center,Guthrie Cortland Medical Center,1101306,335768,Cortland,Cortland,CNYRO,"(42.6091, -76.1862)"
7745,"Elmhurst Care Center, Inc","Elmhurst Care Center, Inc",7003396,335814,East Elmhurst,Queens,MARO,"(40.7689, -73.8702)"
6312,Fulton Commons Care Center Inc,Fulton Commons Care Center Inc,2950317,335831,East Meadows,Nassau,MARO,"(40.7211, -73.578)"
7069,Brooklyn Gardens Nursing & Rehabilitation Center,Brooklyn Gardens Nursing & Rehabilitation Center,7001800,335070,Brooklyn,Kings,MARO,"(40.6784, -73.9257)"
6300,New York State Veterans Home at Montrose,New York State Veterans Home at Montrose,5951300,335832,Montrose,Westchester,MARO,"(41.2436, -73.9254)"
9198,Eddy Village Green at Beverwyck,Eddy Village Green at Beverwyck,151301,335860,Slingerlands,Albany,CDRO,"(42.6584, -73.8385)"
5710,Nassau Rehabilitation & Nursing Center,Nassau Rehabilitation & Nursing Center,2906305,335787,Hempstead,Nassau,MARO,"(40.7062, -73.6236)"
7298,Dr William O Benenson Rehab Pavilion,The Pavilion at Queens for Rehabilitation & Nursing,7003395,335804,Flushing,Queens,MARO,"(40.7642, -73.8232)"
6250,Adira at Riverside Rehabilitation and Nursing,Adira at Riverside Rehabilitation and Nursing,5907318,335829,Yonkers,Westchester,MARO,"(40.9707, -73.8863)"
5546,Hopkins Center for Rehabilitation and Healthcare,Hopkins Center for Rehabilitation and Healthcare,7001395,335847,Brooklyn,Kings,MARO,"(40.6863, -73.9871)"
4826,Seton Health at Schuyler Ridge Residential Healthcare,Seton Health at Schuyler Ridge Residential Healthcare,4552300,335774,Clifton Park,Saratoga,CDRO,"(42.8689, -73.7817)"
5751,Western New York State Veterans Home,Western New York State Veterans Home,1801305,335788,Batavia,Genesee,WRO,"(43.0092, -78.1985)"
5716,Highlands Living Center,Highlands Living Center,2763300,335786,Pittsford,Monroe,WRO,"(43.0877, -77.4987)"
6009,"Meadowbrook Care Center, Inc","Meadowbrook Care Center, Inc",2904301,335796,Freeport,Nassau,MARO,"(40.652, -73.5945)"
5538,The Highlands at Brighton,The Highlands at Brighton,2750306,335778,Rochester,Monroe,WRO,"(43.1123, -77.5932)"
7734,Seneca Hill Manor Inc,Seneca Hill Manor Inc,3702312,335815,Oswego,Oswego,CNYRO,"(43.3972, -76.4595)"
7786,Huntington Hills Center for Health and Rehabilitation,Huntington Hills Center for Health and Rehabilitation,5153309,335818,Melville,Suffolk,MARO,"(40.7818, -73.4051)"
7279,Dr Susan Smith Mckinney Nursing and Rehabilitation Center,Dr Susan Smith Mckinney Nursing and Rehabilitation Center,7001380,335805,Brooklyn,Kings,MARO,"(40.6602, -73.9398)"
6057,MVHS Rehabilitation and Nursing Center,MVHS Rehabilitation and Nursing Center,3227305,335801,Utica,Oneida,CNYRO,"(43.0996, -75.2755)"
6528,Our Lady of Peace Nursing Care Residence,Our Lady of Peace Nursing Care Residence,3121303,335843,Lewiston,Niagara,WRO,"(43.1536, -79.0383)"
6871,The Hamptons Center for Rehabilitation and Nursing,The Hamptons Center for Rehabilitation and Nursing,5126303,335850,Southampton,Suffolk,MARO,"(40.8966, -72.4007)"
6037,Union Plaza Care Center,Union Plaza Care Center,7003393,335799,Flushing,Queens,MARO,"(40.7674, -73.827)"
7643,"Lutheran Center at Poughkeepsie, Inc","Lutheran Center at Poughkeepsie, Inc",1302306,335810,Poughkeepsie,Dutchess,MARO,"(41.7113, -73.8642)"
9337,St. John's Penfield Homes,St. John's Penfield Homes,2725302,335863,Fairport,Monroe,WRO,"(43.1107, -77.4482)"
6171,Putnam Ridge,Putnam Ridge,3950302,335824,Brewster,Putnam,MARO,"(41.4399, -73.5721)"
4887,Bronx Gardens Rehabilitation and Nursing Center,Bronx Gardens Rehabilitation and Nursing Center,7000397,335775,Bronx,Bronx,MARO,"(40.8524, -73.8903)"
7875,Regal Heights Rehabilitation and Health Care Center,Regal Heights Rehabilitation and Health Care Center,7003397,335820,Jackson Heights,Queens,MARO,"(40.7507, -73.8955)"
6232,River Valley Care Center Inc,The Grand Rehabilitation and Nursing at River Valley,1302307,335827,Poughkeepsie,Dutchess,MARO,"(41.7052, -73.9337)"
7278,Bethel Nursing & Rehabilitation Center,Bethel Nursing & Rehabilitation Center,5921301,335806,Croton-On-Hudson,Westchester,MARO,"(41.2332, -73.9162)"
7711,Greenfield Health & Rehab Center,Greenfield Health & Rehab Center,1467301,335182,Lancaster,Erie,WRO,"(42.895, -78.6321)"
5907,Northern Manhattan Rehabilitation and Nursing Center,Northern Manhattan Rehabilitation and Nursing Center,7002355,335792,New York,New York,MARO,"(40.8046, -73.9381)"
5774,Elderwood at Wheatfield,Elderwood at Wheatfield,3121304,335790,Niagara Falls,Niagara,WRO,"(43.0923, -78.9062)"
10108,Delhi Rehabilitation and Nursing Center,Delhi Rehabilitation and Nursing Center,1254302,335876,Delhi,Delaware,CDRO,"(42.2572, -74.9487)"
